,Age,G,PA,AB,H,2B,3B,HR,RBI,SB,CS,BB,SO,BA,OBP,SLG,R
0,28.622643614071862,84,238,264,52,13,1,11,89,0,3,5,154,0.14811635451687685,0.15687797498906741,0.04321748977128204,20
1,30.145127410265204,144,62,97,109,41,0,28,73,1,2,13,158,0.16331773863381388,0.04937353915977566,0.2761610543115419,6
2,30.83736250010204,41,99,249,100,31,1,20,85,5,2,32,18,0.09195184522709678,0.028331919773860802,0.3462106398005459,51
3,35.11391439537431,41,199,265,118,32,6,35,59,0,6,10,147,0.2274325066575842,0.07563820339626004,0.17367986685998918,10
4,34.689547336830145,56,145,266,62,21,1,22,81,2,0,1,43,0.1379678700905258,0.09953141300202029,0.05275222164109372,36
5,25.492661585036632,21,30,323,119,5,1,20,93,0,9,13,70,0.07738266273289626,0.025763059415568248,0.1274656997660036,-11
6,27.431544878123773,48,257,350,11,17,1,18,69,3,3,5,46,0.07304971395664223,0.21830393223309055,0.11780015104716968,-14
7,26.704115022076056,53,34,215,61,6,3,17,73,0,5,18,12,0.47251958110515846,0.13820354686087957,0.10440185462268792,16
8,25.6940391863795,87,160,218,83,8,3,27,75,0,4,5,145,0.28954853279704473,0.16032344687671368,0.12224230842473102,32
9,27.86890783997152,16,175,237,77,39,1,16,81,0,2,1,23,0.07763459017272795,0.07543171998235321,0.31012946461018814,27
10,28.534254696599543,89,118,316,52,28,3,18,91,0,1,2,123,0.20939681693610268,0.21769011501368668,0.14370172266064352,5
11,25.734472019092582,150,103,236,73,7,1,11,58,0,0,19,98,0.6201101396283399,0.1821971021289063,0.009812493503289957,95
12,28.397946538937738,7,523,188,62,25,1,19,93,0,2,27,69,0.21499295620996578,0.2148749190230565,0.26747506845923186,8
13,28.919976624775074,104,495,397,36,33,3,9,60,4,0,2,97,0.12356011627942155,0.07567229302069511,0.1164191598896159,86
14,23.901716432981225,23,12,239,72,41,1,18,48,0,7,13,30,0.2729092229038874,0.029983452088954272,0.3189535526204606,11
15,34.92028494993807,70,77,303,60,24,2,22,45,9,6,0,102,0.1465996966655809,0.13469924676861023,0.07720786758566434,10
16,21.99069958999135,134,480,302,66,19,2,26,64,16,4,31,144,0.10298747905291364,0.23296107776513394,0.2692145256679856,8
17,24.42734625037434,111,366,398,82,3,0,20,78,0,3,21,155,0.30182912461110994,0.22042236758349498,0.36062828056643403,100
18,28.615376505691707,35,102,68,121,4,2,8,55,0,1,0,74,0.21895102322713514,0.04774444444315856,0.11656610024382272,0
19,37.60850448886923,70,30,89,90,23,0,4,82,0,3,0,137,0.11565991318673727,0.18978382930879575,0.30656870197850145,16
20,25.84390285181367,33,350,50,46,3,1,15,78,0,1,20,62,0.17883446931486896,0.21280397605382512,0.2906393768974294,4
21,22.52721434450902,138,385,414,1,31,0,32,87,4,0,10,94,0.08482312206331143,0.22517646302703412,0.35606501754385933,12
22,24.69773467592927,83,157,239,43,19,2,19,69,0,4,1,102,0.13834358900104418,0.12592392051027107,0.43611565001081615,-12
23,23.33273216037171,28,295,304,93,14,2,4,87,1,3,3,38,0.15531333236371025,0.02189771450904887,0.3909877530400509,40
24,26.556519570878233,97,56,412,144,7,2,14,71,0,1,31,19,0.0957944627812315,0.17157735179318884,0.16677210022136107,13
25,25.269106586708457,12,357,416,138,39,1,18,64,25,0,0,39,0.16659605301755945,0.1927038764138396,0.31013064400344015,2
26,33.8169607669628,114,446,147,93,37,0,3,82,0,5,4,23,0.17904524671648203,0.1835602503958007,0.12102707100297164,33
27,29.709291970690572,5,441,44,73,0,0,12,86,1,0,20,109,0.1787501216748108,0.016109395847451247,0.3410944615461858,19
28,32.37032454904226,127,140,71,69,6,0,22,90,0,1,2,10,0.08427036049680234,0.3932171520825175,0.0217992567206991,45
29,26.271183603544095,18,591,306,152,0,0,29,59,0,2,4,137,0.16978715067001954,0.18474530849390303,0.05575428735501807,41
30,22.9129344076502,72,106,605,87,25,0,33,96,4,0,10,22,0.07419985031270568,0.1304078722088192,0.07378952155705754,52
31,27.24901270798719,18,533,199,160,3,2,16,92,20,8,23,16,0.22281377666859523,0.10500121617933245,0.202885530820525,-3
32,35.511828143941464,90,344,373,140,9,0,6,74,30,1,6,122,0.12884544885715457,0.21187726034680898,0.28703757467859936,29
33,26.91927841380702,152,194,314,95,30,2,11,74,24,3,8,99,0.05340605063654602,0.18821365906607118,0.5823245273147454,-9
34,22.886554463650967,8,532,139,1,21,0,8,63,5,2,53,156,0.2621632862673953,0.209144346752354,0.35263959628172925,28
35,27.73663587845564,37,366,71,118,20,0,7,86,0,2,0,84,0.22916509617294928,0.21660704370221698,0.07400081064319089,22
36,29.08280901615138,75,520,441,62,32,1,16,59,1,7,63,133,0.1025081195558794,0.06309178628554349,0.4644625980040027,-7
37,30.957846616202865,18,157,95,21,19,0,20,62,0,0,0,59,0.30865924431429376,0.235410432308428,0.08175485642856506,51
38,34.464231874791494,38,221,197,148,10,1,13,75,6,3,0,47,0.08941243191939163,0.25120253275699034,0.10355206477177127,8
39,32.01158560466688,17,464,144,158,35,2,31,93,9,2,0,155,0.15997350337236627,0.24849142764609072,0.11163875882447377,13
40,29.203960695683765,147,94,72,114,29,0,16,47,0,2,8,127,0.1531342110041672,0.08177188093524967,0.44969843514193564,13
41,30.29407563741267,154,256,184,64,37,0,2,58,0,2,23,35,0.28031342929838227,0.14914976696649185,0.2367755144672498,22
42,28.780079374179596,24,184,6,57,22,0,23,58,5,0,3,128,0.11189149522399974,0.35761128692977123,0.3408530129689894,14
43,33.04711986495229,11,452,275,5,38,0,23,33,0,3,4,40,0.04247234511349471,0.02381890708804424,0.07620876848081617,-7
44,31.52679832883268,94,166,214,29,29,0,16,80,0,2,5,135,0.17847808971588158,0.32321270170422756,0.03405676225657297,10
45,32.01754553502222,145,145,259,29,37,0,38,98,8,2,6,32,0.4492061776028163,0.18759135426895954,0.6071125252741243,70
46,37.911259306035674,29,461,614,117,1,6,24,93,1,0,2,60,0.06910174121454465,0.05609493064899923,0.1306196247588417,3
47,37.89403499260014,38,164,63,128,41,2,22,97,7,1,39,114,0.2383672835621935,0.4789602394105019,0.02888989265409323,2
48,33.688266577788504,120,91,622,152,3,0,20,86,0,3,7,33,0.1046442140229167,0.21399826024175844,0.1766356795552986,39
49,28.866003703284605,62,88,337,60,9,2,2,62,7,1,0,55,0.1569425374171985,0.17843875453136468,0.5212162079049176,5
50,29.99003500004123,96,248,232,17,11,2,2,65,6,1,7,129,0.168939790723786,0.35353221129949836,0.30825538941765185,39
51,26.63336936417058,135,177,80,168,29,0,21,34,4,3,25,134,0.16509345813941742,0.05246404753486997,0.3964839865659076,12
52,26.70460091047661,87,213,393,1,5,2,37,26,1,3,46,24,0.17332768129443485,0.147280917005217,0.049736034931887996,0
53,33.11660651437644,17,261,65,80,0,0,3,57,0,3,3,80,0.19970239777109763,0.4138939621558098,0.15158505112824391,29
54,24.645406872657986,44,94,157,14,29,0,10,90,2,0,38,66,0.23290053886815248,0.2485804996925402,0.05624484372219206,3
55,33.532027511564934,139,91,407,81,18,0,22,70,0,1,33,86,0.26607591132388336,0.24471085679353027,0.24002842650474113,36
56,29.413508399229126,103,318,373,65,7,7,11,36,4,9,53,114,0.08503161144553283,0.18790506496960946,0.20719774009463998,-2
57,26.860892571315365,130,86,412,71,32,0,15,41,1,0,0,9,0.24380296204813467,0.1514966695303773,0.026553784936088856,84
58,25.564134734168775,124,358,74,13,24,2,2,65,10,4,29,151,0.2691416339270637,0.17392430577719295,0.18794217278313352,14
59,27.013687342751194,107,535,161,151,6,0,0,70,7,2,2,56,0.31151370011059104,0.08645854985181609,0.3631218607364191,31
60,25.608437118106075,32,308,113,11,39,1,11,97,28,1,11,148,0.1925360838123143,0.22457452693155047,0.5252780453193466,1
61,23.827782019666923,25,63,79,62,34,0,2,57,1,0,22,137,0.232985665305723,0.17692974798599653,0.528251581961478,42
62,38.48816202378019,68,549,196,156,18,3,0,81,9,9,48,144,0.34371970410704744,0.21733207707429925,0.3252150517231489,67
63,30.536716601069983,42,23,472,95,23,3,0,59,0,2,3,29,0.1365289053626959,0.11859879127105297,0.30962759575523546,8
64,25.260676113007296,146,273,347,42,33,1,15,94,3,0,0,109,0.16501586893942607,0.27157836232509314,0.2862388508832456,23
65,32.80195280625499,115,263,422,15,25,3,26,87,0,1,15,31,0.25752985121886207,0.17912395430837125,0.6643732695100177,-2
66,29.157187935677754,139,246,116,64,5,3,36,64,0,1,32,81,0.18034919613216885,0.22675503602545238,0.4150546961439574,63
67,26.384888271605497,84,228,78,104,18,0,21,37,3,6,7,7,0.0803409720938785,0.21949757292166597,0.18172719416065972,27
68,29.058582968611596,11,109,128,17,11,0,14,39,4,4,3,72,0.16193885421724868,0.23695572456569086,0.3609020331856958,44
69,23.214764262454583,93,104,99,50,23,3,28,73,9,0,3,94,0.25473490137998944,0.3669973320757148,0.33759455462870414,34
70,32.422375009330594,101,20,616,123,2,0,12,58,0,0,6,34,0.16108855284483534,0.17146946128659177,0.256700784769727,26
71,27.634387922638133,156,193,134,127,0,1,22,81,0,1,11,113,0.25657160787311883,0.20048134102668091,0.3385967614995926,8
72,25.833759690334094,16,128,350,28,17,0,11,37,14,8,18,133,0.14737451965160164,0.13837568215996496,0.42793825976251954,-2
73,28.37010694399847,106,128,526,138,36,0,7,69,1,1,12,25,0.17386374962872808,0.14572138341557403,0.08948450750113407,49
74,25.903546681319895,16,81,420,159,40,2,2,72,0,1,24,101,0.19917219598128177,0.07574247403093903,0.4653275673487256,0
75,31.47640493088425,81,20,85,153,10,2,7,75,0,1,2,22,0.24351801183031335,0.22671725547010604,0.33108707917475716,62
76,26.431636109348197,121,15,232,48,22,1,1,49,2,6,21,112,0.18239966405343971,0.23638783322077161,0.24796363757535048,33
77,34.0,125,424,388,76,14,1,12,49,3,2,27,136,0.196,0.257,0.33,36
78,33.342918026510574,105,114,576,127,35,1,17,38,0,2,55,44,0.15370772622172854,0.17903853467281433,0.2923938565124672,2
79,23.91564759567079,127,100,210,32,11,0,8,24,0,4,62,95,0.3351300194347089,0.22577460122836407,0.264563078981169,9
80,32.345897768419206,94,292,447,106,11,2,3,44,1,3,16,134,0.27468877873022207,0.19907346785908958,0.4221935408743046,9
81,26.798226327147546,48,402,609,14,30,0,9,39,8,6,0,27,0.34111345820527406,0.1575818176704703,0.3261693588379861,-6
82,35.225659592680934,39,33,442,160,30,0,3,43,2,2,7,69,0.18332529087651042,0.17109411177114026,0.3256633607088293,66
83,29.795492717367683,22,152,215,20,0,2,6,77,0,2,16,61,0.14578032342643177,0.24763407540260854,0.40975572408108973,-1
84,24.078192312152378,88,189,201,108,12,0,5,73,5,2,2,73,0.19086002651793887,0.6527548015408022,0.4788264625024788,26
85,29.092505325455868,99,237,320,95,31,0,2,41,0,0,12,65,0.11828749626975107,0.2280867394263545,0.027990478039188416,-12
86,30.304372960806973,43,282,242,84,28,5,22,21,0,0,14,119,0.09447168323853705,0.1825384616320156,0.4731455910803284,-4
87,28.18634877789521,113,19,559,10,7,1,16,20,5,6,2,33,0.14887843300583542,0.034571322121622394,0.3211755320228227,9
88,28.305166152099858,59,355,238,110,11,1,10,34,1,0,5,85,0.14849019716850403,0.0031894202198231164,0.3135784473432393,21
89,27.0,96,383,334,76,11,1,14,58,14,4,38,103,0.228,0.308,0.392,56
90,27.0,104,433,397,84,18,1,12,51,2,0,32,114,0.212,0.273,0.353,41
91,29.0,128,471,419,86,24,0,16,61,2,0,40,136,0.205,0.282,0.377,42
92,26.0,129,426,401,92,16,3,14,49,1,1,19,126,0.229,0.265,0.389,39
93,33.010792239659004,15,71,476,127,23,1,9,90,1,2,4,14,0.11552141725973016,0.016677641566024456,0.7152550905792359,8
94,28.644985290524335,37,356,127,136,15,1,33,26,31,5,56,151,0.19356261018607257,0.2239307088869478,0.24393389825648618,29
95,31.368191938381628,84,72,366,109,8,2,3,23,22,8,1,123,0.20399069850548182,0.05400954613067471,0.5318006150566961,12
96,24.62527109543862,144,166,198,85,8,0,2,70,0,2,5,118,0.16270141434377733,0.2823810682692224,0.16001100829562914,50
97,28.0,124,467,429,93,19,2,13,50,0,1,28,109,0.217,0.272,0.361,49
98,33.1942673172839,156,86,377,85,28,0,2,66,0,0,9,14,0.23813827843045263,0.228502239780965,0.7047452965021619,32
99,29.50087338922285,42,36,178,90,26,0,18,34,4,2,13,40,0.14556688375878604,0.22865862513984922,0.4697819711229521,2
100,26.50741413309426,140,582,244,152,33,0,38,13,14,1,3,27,0.14243990965588355,0.20773851322747988,0.15903557230468673,25
101,28.0,135,472,426,88,19,3,13,53,6,1,32,109,0.207,0.275,0.357,49
102,36.410653066325914,83,100,202,103,17,2,19,12,1,0,51,40,0.04731631049645291,0.1342025406538836,0.6044621679511359,2
103,31.0,105,381,351,80,18,2,9,51,0,1,25,82,0.228,0.281,0.368,29
104,25.32833888980023,115,554,518,38,10,0,3,75,0,3,11,69,0.21529529677398349,0.22284653068299548,0.28398889854573894,54
105,23.0,91,260,241,40,5,2,3,18,2,2,15,70,0.166,0.218,0.241,18
106,24.0,134,461,424,104,18,4,11,52,10,4,28,158,0.245,0.295,0.384,49
107,28.985692251946475,77,179,154,86,37,2,6,16,7,0,15,32,0.1699455405836824,0.15074362808302932,0.29742244620868435,0
108,26.742807356718078,151,65,268,21,3,0,18,66,0,0,14,95,0.19548319406597722,0.2659013229213748,0.399985109343193,9
109,28.504284569278315,35,26,89,85,1,2,2,97,13,0,13,16,0.19386618017733354,0.2253985061945879,0.22069658704322803,74
110,35.0,118,458,407,94,15,2,9,52,1,1,39,98,0.231,0.308,0.344,50
111,28.0,125,510,443,119,25,1,9,56,23,3,55,98,0.269,0.349,0.391,66
112,29.098950436063042,108,325,262,26,5,2,21,17,0,4,0,54,0.28473142513194144,0.21407557638924887,0.5157116707204079,47
113,32.0,113,456,415,98,18,0,15,49,1,0,27,106,0.236,0.286,0.388,37
114,31.0,119,426,398,109,23,0,9,52,1,4,22,69,0.274,0.315,0.399,41
115,22.0,54,181,163,23,5,1,7,17,5,2,16,61,0.141,0.221,0.313,20
116,33.28453400082709,44,280,17,65,34,1,37,38,13,0,63,35,0.13764636383692336,0.20382306231580585,0.44323004656580234,0
117,29.449839033368303,43,175,560,74,13,1,22,15,0,0,1,11,0.08405297841509585,0.13391741486401706,0.5066500958398505,56
118,26.459596045713955,90,333,326,87,39,0,9,9,0,0,3,63,0.04967472149611779,0.09375151518015074,0.437735187495337,42
119,32.68672263577486,8,228,273,57,32,0,25,13,3,3,2,23,0.1968235922109001,0.5638624988852141,0.25032042520959175,-11
120,29.37628486941791,123,464,333,141,30,1,12,39,0,3,10,66,0.1326152568781659,0.24223331014569485,0.3026288004677743,49
121,30.145845742694203,101,5,504,154,30,0,0,36,0,3,6,107,0.16106227635040415,0.18529433793183064,0.4253037741998172,38
122,35.0,113,379,344,64,12,0,15,45,0,0,22,116,0.186,0.248,0.352,40
123,26.835330726599025,40,323,213,81,24,2,2,12,5,6,5,24,0.25039574029010625,0.20148288834661068,0.14865417928765554,-4
124,26.0,144,550,504,106,27,3,19,68,14,3,38,150,0.21,0.265,0.389,70
125,27.0,120,435,403,121,24,0,6,58,3,5,19,72,0.3,0.343,0.404,46
126,27.119773589216265,75,504,48,25,4,1,34,10,3,5,18,19,0.27995035668463314,0.14756401746653738,0.3111643236373566,-8
127,28.548237414628346,131,502,197,91,29,3,2,22,1,4,48,107,0.24194873192221572,0.09644832993759657,0.11085307142819914,43
128,25.9792160321135,81,233,329,95,15,0,14,39,3,1,13,84,0.25604555968424386,0.24394341239912695,0.1672363259364726,17
129,27.0,126,521,461,140,23,3,5,51,8,3,52,77,0.304,0.373,0.399,54
130,25.0,119,415,370,78,20,1,27,63,1,0,38,122,0.211,0.284,0.489,46
131,28.736958280039943,151,214,396,53,6,0,3,66,6,0,2,27,0.20448852138970328,0.2645923893972921,0.2671945105707555,55
132,30.0,113,487,416,101,23,2,22,55,4,2,45,103,0.243,0.349,0.466,65
133,25.086003141483776,42,291,545,71,1,1,7,89,0,0,28,154,0.19963217857904986,0.19993503001870527,0.12803228830099278,4
134,26.451722584023415,105,492,35,85,3,8,3,13,0,0,0,10,0.00030877211514284547,0.1809705916506905,0.03548285498995543,0
135,20.764916297848405,157,13,118,108,10,0,9,77,0,0,56,62,0.025761091432888378,0.32633012821999763,0.3355866430874812,35
136,24.0,52,162,147,24,5,0,3,16,5,5,12,37,0.163,0.228,0.259,13
137,22.391107549729874,19,142,282,159,30,0,11,35,4,0,38,107,0.05457668433030882,0.18653956471784874,0.5606414388687989,1
138,26.0,118,473,438,97,17,2,14,47,2,1,30,157,0.221,0.273,0.365,43
139,24.0,127,466,427,100,19,2,10,49,12,4,36,89,0.234,0.295,0.358,58
140,26.621000328280264,9,149,77,153,34,0,12,52,0,0,9,155,0.2698667216154515,0.23948826738310308,0.5614515990434605,33
141,25.0,84,327,292,86,12,0,16,54,0,0,28,72,0.295,0.358,0.5,40
142,28.0,118,454,423,91,18,2,15,44,2,1,27,138,0.215,0.269,0.374,41
143,30.0,134,433,380,104,19,3,23,70,3,2,42,100,0.274,0.353,0.521,57
144,29.125010615804044,13,260,98,42,40,0,23,3,3,2,8,65,0.2248406645241056,0.08468240218896123,0.5252983848344854,-11
145,27.0,93,390,347,111,14,2,3,39,4,2,39,52,0.32,0.387,0.398,40
146,36.0,131,506,431,87,18,0,19,60,0,0,71,88,0.202,0.316,0.376,52
147,38.43091541672192,29,97,24,94,10,2,9,43,1,1,61,41,0.13584228077481336,0.2462835612252666,0.2894410928990636,20
148,28.0,104,445,375,88,16,0,16,56,3,3,64,95,0.235,0.346,0.405,54
149,29.0,103,437,375,113,24,3,14,57,0,1,49,61,0.301,0.384,0.493,52
150,25.992639396462273,34,249,74,130,15,2,11,30,6,1,10,100,0.09608851338674389,0.23044692522733248,0.486125086573414,28
151,32.0,114,473,445,113,23,1,23,76,0,0,18,109,0.254,0.292,0.465,48
152,27.138505837520693,94,534,290,68,41,0,12,28,9,4,0,116,0.2171554903236268,0.2331066649202496,0.6602775758969182,2
153,30.0,111,379,361,85,18,0,12,42,2,0,14,118,0.235,0.263,0.385,38
154,27.71617032213631,37,207,239,43,1,2,6,62,5,3,6,38,0.1831407300542773,0.2791105548585401,0.18409035015981656,4
155,29.0,130,461,386,92,19,1,18,59,0,0,73,114,0.238,0.36,0.433,47
156,28.373979312163154,5,471,115,3,29,0,18,27,12,0,38,38,0.49117779640276016,0.20980268375899266,0.32152139479673436,8
157,36.04375062409322,6,238,289,6,42,1,3,16,0,0,10,67,0.3101621632060435,0.10266560541188738,0.5029332854463274,54
158,29.0,94,396,357,85,22,0,16,66,13,0,32,122,0.238,0.303,0.434,53
159,22.910308759746272,151,271,442,153,32,2,38,64,0,0,3,104,0.17897036419499057,0.28827586560101015,0.07934096471717972,39
160,33.0,107,426,396,106,25,1,18,60,0,0,19,90,0.268,0.319,0.472,61
161,28.0,80,276,259,51,13,0,10,30,2,3,17,101,0.197,0.246,0.363,24
162,23.0,87,361,331,77,13,4,17,54,10,4,28,126,0.233,0.294,0.45,45
163,27.052541668894104,58,236,332,52,3,0,17,38,0,3,18,36,0.4079203088937003,0.2469796023876014,0.24844385518651754,10
164,29.0,99,426,370,106,28,1,18,65,11,4,46,87,0.286,0.364,0.514,63
165,27.0,125,349,322,63,8,0,9,28,17,1,15,119,0.196,0.236,0.304,37
166,28.0,83,225,201,29,6,0,5,15,7,0,16,94,0.144,0.217,0.249,22
167,21.438018375535894,128,20,289,97,17,5,6,80,0,0,51,52,0.3338713246575237,0.2942534466032209,0.26318663078675764,117
168,32.88384592042508,143,51,254,116,15,1,3,13,0,0,0,66,0.18744826869304348,0.14011575541439183,0.5287654793821686,18
169,27.46690412711523,157,465,373,170,7,0,8,12,0,3,3,90,0.0842370684466165,0.24174872168230102,0.07594815976612895,17
170,31.938439769234073,122,310,256,60,7,0,0,15,0,1,0,22,0.23329060051753833,0.08983514382132896,0.40330695003600014,54
171,24.0,98,401,380,108,18,0,12,56,11,3,17,77,0.284,0.319,0.426,54
172,31.0,113,419,356,83,22,0,11,52,0,0,58,123,0.233,0.341,0.388,36
173,21.332832048066653,77,594,36,117,3,2,1,54,8,0,8,71,0.21899280919427297,0.3270761362939627,0.1468526912183552,4
174,31.82784010731456,108,52,323,20,30,1,16,2,0,5,1,137,0.42482401157660005,0.17295180905953786,0.3119024007930989,39
175,29.0,92,385,350,96,22,2,20,59,2,2,29,84,0.274,0.335,0.52,62
176,27.994247718816624,118,95,473,41,1,0,23,9,0,1,19,84,0.1195998385809213,0.11586722201401133,0.26332284542313,44
177,32.0,110,452,398,84,7,0,31,78,0,0,50,137,0.211,0.297,0.462,53
178,29.0,103,388,371,85,15,0,9,39,1,0,12,75,0.229,0.255,0.342,31
179,30.071194919339206,5,163,418,55,5,1,1,3,0,3,0,74,0.14051344371961916,0.34583696938899494,0.2546315452863538,48
180,25.0,58,174,160,27,4,0,5,11,1,0,11,54,0.169,0.224,0.288,12
181,32.93038826367146,154,97,371,69,19,0,2,18,19,1,9,26,0.2815232930606925,0.11326868531724638,0.2700081895600699,23
182,32.0,129,507,464,109,19,0,16,51,1,0,28,119,0.235,0.281,0.379,39
183,27.0,117,353,317,68,9,2,12,39,3,0,29,118,0.215,0.283,0.369,40
184,24.0,125,483,444,119,25,0,15,66,1,1,28,91,0.268,0.325,0.426,45
185,27.998051644670003,125,464,79,15,21,0,8,17,2,0,21,99,0.2574290942031886,0.21133053567345392,0.5257928189010054,48
186,23.0,129,534,460,100,21,3,18,62,2,3,66,131,0.217,0.313,0.393,57
187,34.0,138,527,489,120,26,1,14,56,3,1,32,98,0.245,0.292,0.389,61
188,30.172201133089214,156,220,56,27,34,0,5,9,0,1,19,21,0.31181500648995225,0.1057967421371434,0.2769791752990115,81
189,31.0,36,123,115,17,3,0,5,16,0,0,6,46,0.148,0.195,0.304,7
190,36.0,43,156,145,26,5,0,1,9,2,2,8,36,0.179,0.231,0.234,17
191,29.0,109,117,105,13,5,0,2,5,3,2,5,45,0.124,0.207,0.229,18
192,30.0,128,500,462,109,26,4,12,41,4,3,34,125,0.236,0.292,0.387,51
193,27.0,127,450,406,92,20,1,16,48,2,0,41,87,0.227,0.298,0.399,51
194,31.0,82,344,298,67,18,0,13,48,1,1,39,110,0.225,0.317,0.416,38
195,29.0,104,255,205,46,11,2,6,24,21,8,34,75,0.224,0.368,0.385,41
196,25.0,130,472,424,103,26,1,6,51,2,0,32,93,0.243,0.301,0.351,53
197,20.309014552552426,99,403,343,2,17,0,5,26,0,1,25,22,0.047552648424425054,0.20049053634155672,0.2929501333242145,-1
198,31.0,124,456,414,105,10,3,9,43,4,2,35,109,0.254,0.313,0.357,49
199,34.0,134,490,439,110,30,3,12,59,1,3,41,114,0.251,0.316,0.415,39
200,30.52095972613653,43,216,290,14,12,3,0,17,4,0,2,99,0.21031118990009223,0.16553522486648092,0.03137314305224746,1
201,28.211180828293934,109,177,279,59,26,0,10,15,13,2,17,33,0.21007042975110263,0.3460896363815116,0.27990337303017904,27
202,26.0,124,410,377,91,19,0,15,53,0,0,27,86,0.241,0.295,0.411,34
203,28.0,75,208,184,27,4,0,5,14,7,0,16,85,0.147,0.225,0.25,21
204,25.0,126,468,391,110,21,1,5,45,2,3,60,70,0.281,0.394,0.379,64
205,36.45229790130712,87,161,558,33,31,2,9,27,28,2,2,146,0.3930890376041713,0.2535910197493447,0.3928010586060193,-4
206,28.0,128,433,411,109,20,3,7,52,8,2,16,81,0.265,0.292,0.38,47
207,33.0,140,542,462,123,24,0,13,61,3,1,48,97,0.266,0.367,0.403,71
208,28.0,77,237,210,33,9,0,6,25,3,2,21,79,0.157,0.245,0.286,19
209,28.0,92,382,340,76,13,3,28,51,6,0,34,116,0.224,0.306,0.526,61
210,36.80327386381117,52,301,420,27,13,0,18,27,2,6,0,60,0.24185791339206525,0.2637550601238819,0.3021372318043687,52
211,26.884303876091334,109,297,345,46,38,2,16,5,6,2,58,48,0.03977956148978379,0.25152250110967767,0.11451375928020541,19
212,25.0,152,524,451,83,16,2,17,53,7,1,57,150,0.184,0.284,0.341,58
213,24.0,129,471,421,116,20,7,6,42,7,2,47,95,0.276,0.346,0.399,66
214,25.0,122,498,449,115,28,0,20,79,6,1,38,80,0.256,0.319,0.452,47
215,28.31907719465214,149,37,254,16,16,0,0,23,3,2,2,28,0.12601716622327358,0.23096437545676157,0.4638506043389757,30
216,24.0,96,283,262,54,13,0,11,29,1,1,14,75,0.206,0.251,0.382,28
217,30.0,92,401,354,95,16,1,10,41,0,0,35,86,0.268,0.347,0.404,39
218,30.09899941250622,33,94,421,135,0,1,1,32,1,2,44,157,0.23677873544264288,0.354614399815094,0.14323861739385502,-5
219,28.0,118,445,403,100,17,1,16,51,1,0,30,98,0.248,0.305,0.414,50
220,31.0,97,315,300,63,8,0,3,20,2,0,7,65,0.21,0.233,0.267,38
221,25.0,109,352,324,60,13,1,10,35,2,0,22,65,0.185,0.239,0.324,36
222,25.0,142,466,407,70,18,2,8,33,10,3,52,120,0.172,0.268,0.285,53
223,27.0,49,119,114,23,6,1,4,16,2,2,3,27,0.202,0.227,0.377,17
224,31.0,119,469,414,108,33,2,9,50,0,0,40,119,0.261,0.337,0.415,37
225,24.0,60,241,213,54,10,4,14,45,12,5,21,66,0.254,0.325,0.535,39
226,36.0,132,546,478,106,28,0,15,62,2,2,54,148,0.222,0.308,0.374,59
227,25.0,47,151,139,25,9,1,2,13,4,0,7,42,0.18,0.216,0.302,9
228,28.54798766434806,95,229,589,172,24,1,16,16,15,3,18,71,0.2993064882393708,0.245832784818581,0.38646956745084304,27
229,28.0,113,408,372,112,21,2,2,34,0,3,26,58,0.301,0.349,0.384,56
230,33.89764944750249,118,180,250,20,0,0,17,36,2,1,15,152,0.18358823315939748,0.4586544330725687,0.2918009337853308,8
231,26.0,70,280,263,56,9,0,9,28,2,0,14,104,0.213,0.254,0.35,24
232,29.0,115,353,335,83,12,1,11,43,2,1,15,62,0.248,0.283,0.388,39
233,35.0,28,74,66,10,3,0,0,7,0,0,5,20,0.152,0.216,0.197,6
234,31.0,80,255,219,56,14,1,13,41,4,1,32,93,0.256,0.353,0.507,36
235,27.0,135,491,449,120,25,0,7,51,6,6,36,68,0.267,0.322,0.37,51
236,33.0,48,127,121,18,3,0,3,9,0,0,4,43,0.149,0.183,0.248,10
237,33.0,51,136,129,20,3,0,3,9,0,0,4,46,0.155,0.187,0.248,10
238,31.0,74,239,205,55,14,1,13,39,4,0,30,86,0.268,0.364,0.537,35
239,25.0,50,183,166,53,9,0,6,35,1,0,12,47,0.319,0.372,0.482,24
240,31.92257619032853,86,38,103,70,6,2,0,11,9,6,10,28,0.2246745279267118,0.24960311415073433,0.4539018199579346,59
241,24.0,48,174,165,25,3,0,2,10,4,1,9,76,0.152,0.195,0.206,13
242,31.0,74,82,76,12,3,1,3,8,0,0,6,32,0.158,0.22,0.342,12
243,28.0,24,78,76,12,8,0,1,8,0,0,1,16,0.158,0.179,0.303,8
244,28.0,25,78,76,12,8,0,1,8,0,0,1,16,0.158,0.179,0.303,9
245,33.0,125,541,467,122,18,0,12,46,4,3,67,71,0.261,0.357,0.377,74
246,26.15900984384293,37,152,80,59,4,3,12,5,2,1,53,128,0.24990388014031883,0.22213573308068962,0.31879994085011765,71
247,35.0,134,580,515,122,25,0,17,69,8,6,57,124,0.237,0.316,0.384,66
248,29.0,39,116,107,16,0,0,6,11,1,0,8,26,0.15,0.209,0.318,8
249,24.0,37,112,106,18,3,1,3,8,1,0,4,44,0.17,0.207,0.302,13
250,24.0,23,81,77,14,3,0,3,14,2,0,3,32,0.182,0.21,0.338,7
251,36.81305856155099,105,557,546,23,6,0,1,65,10,0,4,39,0.20275659461197462,0.3253230487893211,0.0881044164922509,43
252,23.0,88,285,268,60,12,2,8,27,4,2,11,107,0.224,0.264,0.373,22
253,31.0,124,507,470,106,19,0,23,56,2,1,31,122,0.226,0.274,0.413,56
254,32.0,104,419,380,102,19,0,8,44,0,0,37,64,0.268,0.334,0.382,38
255,26.0,38,99,86,24,4,1,5,6,0,2,8,29,0.279,0.374,0.523,13
256,29.0,45,132,121,18,0,0,6,14,1,0,10,32,0.149,0.214,0.298,10
257,34.0,87,310,278,69,19,2,12,41,1,2,27,74,0.248,0.316,0.46,29
258,30.0,148,589,533,174,39,1,9,62,4,0,40,61,0.326,0.382,0.454,73
259,31.0,148,558,485,104,31,2,17,57,5,1,61,141,0.214,0.305,0.392,73
260,30.0,42,181,160,49,12,0,5,14,0,0,17,27,0.306,0.376,0.475,28
261,32.0,130,453,384,83,9,2,8,40,10,3,62,109,0.216,0.33,0.313,54
262,35.75064420978008,71,248,315,66,14,0,10,29,0,3,14,5,0.24242694709872706,0.3206865283437333,0.22934470350274794,28
263,29.0,105,338,294,48,4,0,7,30,2,0,25,78,0.163,0.241,0.248,26
264,28.509491894515616,77,9,211,18,16,0,31,43,0,2,2,41,0.1346536523284948,0.30518905885538755,0.6792290825985694,0
265,31.0,105,334,310,71,19,4,11,46,4,2,19,93,0.229,0.282,0.423,47
266,33.0,139,550,504,126,28,1,11,58,16,5,38,85,0.25,0.298,0.375,70
267,31.0,145,583,526,134,25,1,14,78,4,3,33,99,0.255,0.315,0.386,58
268,34.432340986011916,114,473,241,133,29,0,6,41,1,0,15,93,0.17267158930391352,0.32466963268092885,0.023432750889887555,86
269,27.0,2,5,3,0,0,0,0,0,0,0,2,2,0.0,0.4,0.0,2
270,30.0,151,602,525,120,28,1,19,71,0,0,59,103,0.229,0.316,0.394,72
271,31.0,98,380,357,80,9,0,8,35,4,0,17,109,0.224,0.266,0.317,31
272,31.0,102,375,333,60,12,1,9,30,0,0,38,112,0.18,0.267,0.303,32
273,24.0,113,470,398,101,35,1,13,42,4,0,65,86,0.254,0.362,0.445,70
274,31.0,57,177,153,47,11,0,6,21,1,1,15,46,0.307,0.384,0.497,25
275,25.017910670417915,111,432,27,69,3,0,16,3,0,1,4,10,0.11781553850384212,0.24311822775963063,0.32827768402489366,46
276,33.99599092021777,109,250,443,53,13,4,16,16,5,0,0,48,0.17106558485501017,0.29722298992014146,0.06393768942423317,3
277,36.348357874094745,89,566,381,147,7,3,8,9,1,2,4,2,0.27329487406112646,0.26217476280122065,0.13477806525058608,110
278,27.0,36,108,98,33,5,1,3,12,1,0,6,23,0.337,0.377,0.5,13
279,28.0,121,493,453,132,32,1,5,52,3,4,31,83,0.291,0.343,0.4,52
280,27.0,54,127,120,25,6,1,4,16,2,2,5,28,0.208,0.244,0.375,17
281,27.0,55,128,121,25,6,1,4,16,2,2,5,29,0.207,0.242,0.372,17
282,29.0,125,325,277,73,15,2,7,34,12,1,40,89,0.264,0.366,0.408,49
283,27.0,36,108,97,15,4,0,4,11,0,0,9,41,0.155,0.231,0.32,9
284,33.0,8,21,15,2,0,0,0,0,0,0,6,4,0.133,0.381,0.133,0
285,36.60494705059615,127,52,404,84,5,0,25,33,0,1,59,90,0.1472200238480925,0.2631034697285905,0.38563556242028546,-3
286,27.0,28,61,58,7,1,0,3,6,1,0,1,21,0.121,0.148,0.293,9
287,30.0,72,306,270,56,13,0,13,34,0,2,31,90,0.207,0.295,0.4,32
288,32.0,90,369,335,91,16,0,8,40,0,0,33,55,0.272,0.336,0.391,32
289,29.0,144,590,555,132,27,4,17,67,9,2,26,147,0.238,0.278,0.393,64
290,21.0,41,156,141,41,6,0,5,18,5,2,11,34,0.291,0.353,0.44,24
291,27.0,36,147,128,32,6,2,0,11,0,1,16,17,0.25,0.347,0.328,9
292,29.0,16,38,29,5,1,0,0,3,0,0,8,12,0.172,0.368,0.207,1
293,25.0,72,240,217,50,6,1,9,24,5,3,18,45,0.23,0.304,0.392,41
294,31.0,56,204,187,46,12,2,7,33,3,2,13,53,0.246,0.305,0.444,29
295,24.0,147,638,563,168,25,7,6,52,19,5,62,60,0.298,0.373,0.4,89
296,35.0,64,277,243,70,14,1,5,26,1,1,31,30,0.288,0.37,0.416,28
297,31.0,118,454,402,89,25,3,10,43,10,1,44,160,0.221,0.304,0.373,45
298,30.0,125,522,474,121,23,1,29,72,1,1,39,121,0.255,0.315,0.492,62
299,36.0,79,294,255,49,8,0,15,39,0,0,35,60,0.192,0.293,0.4,35
300,25.0,152,631,586,164,24,3,13,72,2,3,31,110,0.28,0.315,0.398,79
301,26.0,43,107,94,24,4,1,5,6,0,2,8,32,0.255,0.346,0.479,14
302,28.54918082668775,34,126,473,98,18,1,18,31,1,0,1,109,0.21294725849380827,0.3924026646339389,0.651289223930229,57
303,29.0,82,274,256,63,14,0,7,40,1,0,11,98,0.246,0.285,0.383,25
304,26.989199594716236,105,451,309,19,1,1,1,10,0,0,14,77,0.12333134404508757,0.1731506299219657,0.20852249031591108,9
305,26.0,102,359,330,77,16,3,12,40,1,2,23,83,0.233,0.292,0.409,46
306,27.0,83,216,197,41,8,0,3,16,2,3,12,26,0.208,0.254,0.294,21
307,27.300389082605992,89,154,83,24,16,2,35,2,9,0,6,149,0.13207040726484054,0.4423497843620117,0.40312933397473644,6
308,21.554838677465312,146,484,220,156,17,2,12,47,0,0,21,34,0.09356315237877283,0.28831667246041837,0.20876887126103444,-14
309,33.38646626325936,139,51,181,37,34,0,14,14,0,1,17,27,0.04512998036516238,0.2888569703248248,0.10032435287696764,65
310,27.0,89,363,336,92,18,2,4,47,7,3,24,68,0.274,0.325,0.375,36
311,23.763031442058868,90,337,380,83,25,0,20,11,0,0,27,31,0.21710875369453755,0.2797325694256275,0.2504192397059928,40
312,33.0,95,420,383,92,23,1,6,42,15,3,30,61,0.24,0.29,0.352,51
313,27.0,8,11,7,1,1,0,0,0,0,0,3,1,0.143,0.4,0.286,2
314,29.0,2,8,6,1,0,0,0,0,0,0,2,3,0.167,0.375,0.167,0
315,24.0,91,382,362,107,27,0,11,43,1,2,15,75,0.296,0.327,0.461,39
316,24.0,41,138,132,38,9,2,3,15,2,2,6,41,0.288,0.319,0.455,15
317,26.0,27,97,74,22,6,0,3,11,0,0,21,25,0.297,0.454,0.5,9
318,27.0,102,335,297,81,12,1,2,17,1,0,34,46,0.273,0.351,0.34,33
319,31.0,77,286,261,68,15,0,7,41,2,1,21,86,0.261,0.315,0.398,29
320,25.0,22,38,35,4,0,0,0,3,0,2,2,12,0.114,0.158,0.114,3
321,33.0,37,99,95,14,2,0,3,9,0,0,2,36,0.147,0.173,0.263,8
322,29.0,55,183,149,38,9,0,6,25,0,0,33,47,0.255,0.393,0.436,18
323,30.0,56,240,222,72,14,0,13,34,1,0,15,52,0.324,0.367,0.563,33
324,25.0,106,278,256,54,10,4,5,28,9,6,16,75,0.211,0.264,0.34,32
325,28.0,120,443,420,114,21,2,7,47,0,1,17,79,0.271,0.3,0.381,37
326,21.0,93,418,376,95,18,4,5,42,1,4,36,120,0.253,0.321,0.362,46
327,25.0,115,355,329,83,20,0,13,43,4,0,19,90,0.252,0.294,0.432,38
328,34.0,91,387,340,81,11,1,11,39,7,2,42,100,0.238,0.32,0.374,57
329,24.0,93,323,292,66,9,2,8,37,8,2,22,117,0.226,0.284,0.353,34
330,25.0,132,407,366,82,10,2,6,33,15,4,17,104,0.224,0.273,0.311,42
331,29.478162478299836,56,39,533,158,23,0,0,8,0,2,3,18,0.15815339454146374,0.2666562916246584,0.14810816748097108,-7
332,31.0,84,318,294,83,20,0,8,42,1,2,18,51,0.282,0.327,0.432,33
333,26.0,104,325,301,64,13,2,7,24,14,2,20,108,0.213,0.268,0.339,53
334,32.0,91,290,271,57,19,1,3,29,2,3,17,58,0.21,0.257,0.321,21
335,28.0,61,205,178,48,14,0,2,21,0,0,19,64,0.27,0.347,0.382,22
336,20.96162394813531,41,313,500,147,21,0,2,9,0,0,42,17,0.21399077646621928,0.21562970194561404,0.09740722700997265,8
337,25.0,97,291,261,56,6,0,11,25,2,1,26,112,0.215,0.296,0.364,34
338,30.0,136,558,524,138,27,0,13,62,7,1,29,130,0.263,0.305,0.389,56
339,24.0,99,354,321,91,16,3,8,43,23,3,23,76,0.283,0.342,0.427,53
340,26.257351344557726,125,307,351,121,18,7,17,22,4,0,33,20,0.2898051503171736,0.4592093276342983,0.4118238306109527,28
341,25.0,30,77,70,10,0,0,2,6,0,0,4,27,0.143,0.184,0.229,8
342,27.0,57,167,155,33,6,0,1,11,0,2,9,50,0.213,0.265,0.271,17
343,23.0,52,228,182,43,8,1,6,16,0,0,44,34,0.236,0.388,0.39,31
344,34.33817670830797,156,260,544,74,26,0,24,35,4,2,34,21,0.016620074106185073,0.2995248681390187,0.37145476630214896,0
345,33.0,118,505,466,136,24,5,16,63,18,9,26,97,0.292,0.347,0.468,76
346,37.0,70,191,168,27,4,1,7,23,1,0,17,46,0.161,0.241,0.321,18
347,32.0,81,241,222,47,3,0,7,32,4,2,18,70,0.212,0.27,0.32,20
348,36.51645827277574,120,407,533,38,33,0,36,9,2,0,4,16,0.2084710645632942,0.2442386960055354,0.18669915768721881,80
349,32.0,83,248,229,52,7,0,10,31,0,1,12,52,0.227,0.264,0.389,27
350,34.0,86,293,277,65,12,0,8,31,2,0,8,47,0.235,0.26,0.365,23
351,38.0,146,584,545,132,40,0,8,53,8,0,30,73,0.242,0.288,0.36,53
352,30.0,51,186,165,29,7,0,8,22,0,0,18,49,0.176,0.258,0.364,17
353,27.0,12,16,12,2,0,0,0,0,0,0,4,4,0.167,0.375,0.167,2
354,30.0,115,423,371,86,20,2,9,46,5,1,48,98,0.232,0.324,0.369,42
355,26.0,93,299,289,70,22,0,6,31,0,0,7,65,0.242,0.264,0.381,32
356,36.0,89,298,266,65,13,0,14,42,0,0,27,83,0.244,0.315,0.451,31
357,25.0,64,269,247,61,16,0,8,35,3,5,16,47,0.247,0.294,0.409,36
358,26.0,72,258,225,54,10,5,8,25,7,2,20,40,0.24,0.314,0.436,33
359,34.0,94,327,305,82,16,0,9,41,2,1,19,74,0.269,0.312,0.41,30
360,36.0,52,212,176,38,10,0,4,21,0,0,36,28,0.216,0.349,0.341,17
361,23.0,146,557,491,146,26,3,17,69,20,3,34,112,0.297,0.371,0.466,66
362,30.0,119,260,245,55,13,1,2,17,12,4,11,76,0.224,0.269,0.31,32
363,33.0,68,124,115,29,6,0,2,12,2,3,5,31,0.252,0.283,0.357,19
364,29.0,115,446,388,88,18,1,9,43,3,2,49,66,0.227,0.318,0.348,54
365,30.0,143,587,519,124,23,1,18,63,0,0,53,135,0.239,0.319,0.391,56
366,25.0,80,266,234,53,8,1,14,32,5,2,23,111,0.226,0.316,0.449,34
367,25.0,112,392,365,88,18,2,8,31,9,4,15,82,0.241,0.284,0.367,47
368,38.0,91,376,322,66,18,1,11,41,0,0,44,97,0.205,0.319,0.37,31
369,33.0,44,130,121,34,5,0,5,16,1,2,8,24,0.281,0.323,0.446,19
370,27.0,94,383,346,73,18,0,13,34,11,6,25,104,0.211,0.287,0.376,49
371,26.0,39,148,132,30,8,0,6,18,1,2,12,37,0.227,0.304,0.424,22
372,32.0,141,604,527,158,39,0,28,57,18,1,66,87,0.3,0.387,0.533,103
373,28.0,29,80,72,11,3,1,0,4,5,1,7,41,0.153,0.225,0.222,7
374,29.0,110,351,323,82,17,1,14,44,0,0,24,97,0.254,0.305,0.443,41
375,26.901031458348065,42,47,368,162,28,1,10,20,4,1,17,70,0.06986234926925033,0.26759836678354887,0.40477086061372936,74
376,27.0,35,115,102,25,3,1,5,13,3,3,11,26,0.245,0.33,0.441,16
377,26.0,39,123,113,20,7,0,1,7,2,1,10,31,0.177,0.244,0.265,10
378,26.0,53,174,161,46,8,0,4,15,2,3,10,36,0.286,0.333,0.41,24
379,26.0,25,59,54,17,7,1,2,13,3,0,1,12,0.315,0.345,0.593,9
380,26.0,48,147,135,24,4,2,3,10,6,1,9,48,0.178,0.238,0.304,18
381,24.0,26,102,98,20,4,1,5,14,2,0,4,39,0.204,0.235,0.418,9
382,22.0,10,37,33,11,3,0,0,6,3,0,2,6,0.333,0.405,0.424,5
383,29.0,150,631,557,171,38,0,15,73,8,2,57,118,0.307,0.377,0.456,84
384,27.0,6,17,16,2,0,0,1,4,1,0,0,4,0.125,0.118,0.313,2
385,33.0,136,542,495,119,26,4,20,69,0,2,40,129,0.24,0.295,0.43,58
386,26.38208050334057,146,6,478,102,3,0,4,3,7,0,0,107,0.09661963403722532,0.22279763699393784,0.13554351872431913,81
387,30.0,75,292,271,62,11,0,8,36,0,0,19,58,0.229,0.277,0.358,23
388,27.0,65,266,235,52,10,2,8,25,1,0,27,61,0.221,0.308,0.383,31
389,27.693749991824124,155,491,94,72,13,2,7,24,7,4,15,118,0.23076832304556597,0.3424064024440528,0.38793855002363603,42
390,27.0,67,163,147,32,5,0,1,8,8,5,10,33,0.218,0.272,0.272,22
391,26.0,140,541,488,127,22,2,14,62,21,6,33,89,0.26,0.322,0.4,71
392,26.0,35,125,118,32,6,0,4,17,1,2,5,31,0.271,0.312,0.424,15
393,33.0,106,386,354,84,24,0,8,30,7,4,30,62,0.237,0.301,0.373,41
394,30.0,50,193,170,29,4,0,2,19,0,0,19,50,0.171,0.249,0.229,11
395,27.252388661226732,134,203,474,120,15,0,2,15,1,0,3,138,0.09798750940258968,0.2664240847691931,0.33832278474350075,19
396,25.0,7,22,18,2,0,0,1,6,0,0,2,3,0.111,0.182,0.278,3
397,25.583612323354043,85,439,50,103,13,0,10,5,7,0,61,116,0.16431877719801796,0.2893502035598362,0.27169084261278875,2
398,22.596655843325273,14,550,287,27,12,0,0,6,0,9,28,28,0.23503606089996076,0.26460427531614383,0.475196258335778,54
399,24.0,65,238,204,34,10,2,5,16,4,1,30,67,0.167,0.277,0.309,21
400,26.0,45,96,91,15,1,3,0,5,6,1,4,25,0.165,0.2,0.242,7
401,27.857666835901675,79,215,173,66,18,0,21,8,0,6,12,37,0.37718386887607663,0.2971055278148272,0.640928859615133,7
402,26.0,18,62,56,8,0,0,3,5,0,0,5,19,0.143,0.226,0.304,6
403,23.0,128,488,432,102,30,4,8,42,5,2,45,94,0.236,0.316,0.38,56
404,32.0,129,477,411,86,19,1,7,45,6,2,56,129,0.209,0.31,0.311,40
405,27.0,72,248,215,56,10,0,15,44,1,0,25,44,0.26,0.339,0.516,34
406,24.11370609497691,21,76,249,14,23,1,0,25,7,0,25,161,0.03942754770575133,0.28490665935918813,0.22727308302111388,44
407,27.0,5,8,6,2,0,0,0,0,0,0,2,1,0.333,0.5,0.333,0
408,27.0,24,74,65,18,3,0,5,16,2,0,9,26,0.277,0.365,0.554,11
409,25.0,14,31,29,4,1,0,2,6,0,0,1,12,0.138,0.194,0.379,4
410,27.0,66,201,176,31,8,3,3,17,4,1,23,64,0.176,0.274,0.307,20
411,27.0,90,226,199,42,7,3,2,15,12,2,21,63,0.211,0.287,0.307,29
412,26.0,48,169,156,41,10,0,4,11,4,2,12,53,0.263,0.32,0.404,18
413,24.0,98,343,313,67,14,3,13,36,1,0,26,92,0.214,0.28,0.403,38
414,32.0,112,328,288,68,14,2,8,34,12,1,33,85,0.236,0.316,0.382,44
415,26.0,11,26,20,3,2,0,0,1,0,0,5,7,0.15,0.346,0.25,3
416,28.891078949602534,60,35,564,172,35,1,22,33,3,4,8,35,0.19158912379900242,0.34251944991385974,0.36549976605340234,49
417,24.0,73,253,213,42,5,0,2,16,4,3,28,50,0.197,0.307,0.249,23
418,27.0,111,446,397,104,22,2,14,46,9,5,42,110,0.262,0.336,0.433,54
419,27.0,92,336,315,80,19,3,3,34,2,2,13,77,0.254,0.289,0.362,27
420,28.0,83,234,205,36,5,0,11,28,5,1,25,60,0.176,0.274,0.361,26
421,23.0,100,326,299,62,13,0,4,19,3,2,19,64,0.207,0.256,0.291,31
422,23.0,71,278,253,59,8,4,11,27,5,3,22,74,0.233,0.299,0.427,25
423,27.0,31,73,61,7,2,0,0,4,1,0,7,27,0.115,0.25,0.148,7
424,27.0,84,275,242,53,17,1,8,29,4,1,28,92,0.219,0.3,0.397,36
425,26.0,150,582,517,130,29,3,11,59,12,2,51,100,0.251,0.325,0.383,58
426,25.0,8,7,5,1,0,0,0,0,0,0,2,1,0.2,0.429,0.2,2
427,25.0,13,34,33,4,1,0,0,3,0,0,1,10,0.121,0.147,0.152,0
428,26.0,75,277,245,54,9,0,9,33,1,0,28,67,0.22,0.3,0.367,24
429,31.0,134,497,430,108,24,4,15,47,17,6,46,88,0.251,0.339,0.43,65
430,32.0,98,387,354,98,9,0,10,33,13,6,25,58,0.277,0.336,0.387,45
431,28.0,2,4,3,1,0,0,0,0,0,0,1,2,0.333,0.5,0.333,0
432,34.0,78,298,254,54,9,1,8,23,1,0,37,81,0.213,0.326,0.35,25
433,25.0,13,40,35,13,0,1,2,9,1,1,4,8,0.371,0.425,0.6,6
434,29.0,49,158,137,36,8,0,8,14,0,0,19,56,0.263,0.361,0.496,20
435,31.0,49,130,123,25,7,2,4,13,1,0,6,40,0.203,0.246,0.39,18
436,29.0,152,658,575,140,36,2,15,58,5,1,73,103,0.243,0.331,0.391,82
437,30.0,80,270,250,53,12,1,5,24,3,0,17,68,0.212,0.259,0.328,27
438,24.0,108,347,290,66,16,3,14,40,4,1,51,71,0.228,0.34,0.448,53
439,26.0,16,34,29,10,2,1,1,5,0,0,5,6,0.345,0.441,0.586,7
440,25.0,144,603,547,173,31,1,8,49,4,4,50,43,0.316,0.375,0.42,88
441,21.0,34,132,116,30,7,1,4,18,1,1,16,34,0.259,0.348,0.44,12
442,27.0,68,247,216,56,9,0,12,28,4,1,26,54,0.259,0.344,0.468,33
443,27.0,47,131,114,27,3,1,5,13,3,3,15,30,0.237,0.336,0.412,18
444,23.0,139,541,470,134,19,0,14,63,0,0,63,58,0.285,0.372,0.415,59
445,31.0,35,108,104,26,3,0,1,10,0,2,4,18,0.25,0.278,0.308,8
446,27.0,19,45,37,8,3,0,0,1,1,0,7,11,0.216,0.356,0.297,4
447,30.29032486125767,43,236,151,73,0,0,9,6,9,0,13,47,0.16875221485374536,0.30751257634262186,0.18840172325905152,6
448,28.0,72,264,246,63,7,3,5,21,15,2,13,47,0.256,0.303,0.37,35
449,31.0,94,308,281,62,10,0,1,16,0,0,25,74,0.221,0.287,0.267,16
450,27.0,12,27,24,8,1,0,0,2,0,0,3,11,0.333,0.407,0.375,4
451,28.0,16,39,36,6,2,0,3,4,1,0,2,14,0.167,0.211,0.472,5
452,24.0,11,45,42,15,1,1,1,8,2,1,2,4,0.357,0.4,0.5,6
453,38.0,67,220,195,35,9,0,4,22,1,0,19,67,0.179,0.265,0.287,10
454,23.0,28,68,61,19,3,0,2,9,8,0,6,28,0.311,0.373,0.459,9
455,21.0,132,560,511,145,25,3,28,75,25,7,40,145,0.284,0.345,0.509,84
456,27.0,153,599,529,116,23,0,35,89,2,1,62,121,0.219,0.306,0.461,67
457,29.0,98,383,338,75,16,1,8,28,1,0,37,101,0.222,0.311,0.346,43
458,35.0,34,88,78,9,2,0,1,3,1,0,8,40,0.115,0.205,0.179,6
459,29.0,20,71,60,5,0,0,1,3,1,0,9,25,0.083,0.211,0.133,1
460,25.0,117,357,325,80,12,2,6,32,7,4,23,70,0.246,0.297,0.351,41
461,30.0,44,151,149,38,6,0,7,15,1,0,2,39,0.255,0.265,0.436,16
462,30.0,3,7,4,1,0,0,0,2,0,0,2,0,0.25,0.429,0.25,2
463,28.0,86,313,292,73,10,3,5,30,17,3,15,62,0.25,0.294,0.356,38
464,32.0,37,110,97,17,3,0,0,7,1,0,11,25,0.175,0.264,0.206,8
465,25.0,22,59,52,16,0,1,3,11,1,1,5,10,0.308,0.356,0.519,7
466,24.0,40,153,142,31,10,1,6,22,0,0,9,53,0.218,0.261,0.43,14
467,21.0,1,4,3,1,0,0,0,0,0,0,1,2,0.333,0.5,0.333,0
468,27.0,89,293,271,58,4,2,4,26,6,1,20,80,0.214,0.273,0.288,25
469,26.0,39,103,91,13,1,0,1,4,0,0,10,26,0.143,0.228,0.187,7
470,26.0,63,211,198,47,8,3,6,22,0,0,11,46,0.237,0.284,0.399,24
471,29.0,44,87,79,17,3,2,0,7,4,3,7,36,0.215,0.287,0.304,15
472,32.0,40,80,73,13,4,0,1,9,0,0,7,19,0.178,0.25,0.274,9
473,30.0,17,44,37,4,0,0,0,2,0,2,5,13,0.108,0.214,0.108,1
474,26.0,46,110,97,24,4,1,5,6,0,2,8,34,0.247,0.336,0.464,14
475,28.0,69,160,141,36,5,0,6,23,2,0,14,48,0.255,0.344,0.418,15
476,23.0,44,171,154,38,8,1,6,19,3,2,15,44,0.247,0.312,0.429,21
477,31.0,92,327,305,74,13,0,12,38,1,1,18,53,0.243,0.287,0.403,35
478,26.0,41,142,136,34,8,1,9,16,0,0,5,44,0.25,0.282,0.522,19
479,26.0,98,216,202,52,9,3,0,10,5,6,12,44,0.257,0.298,0.332,24
480,22.0,110,404,360,73,16,1,8,28,0,1,37,99,0.203,0.285,0.319,38
481,25.0,15,35,28,4,0,0,0,4,0,0,5,8,0.143,0.314,0.143,2
482,31.0,53,224,202,46,4,0,9,21,0,0,16,69,0.228,0.295,0.381,17
483,21.0,46,139,125,29,5,0,2,11,1,2,4,27,0.232,0.285,0.32,16
484,29.0,46,134,118,22,4,0,2,8,8,2,10,42,0.186,0.26,0.271,17
485,34.0,119,425,386,99,19,2,7,27,2,1,21,71,0.256,0.317,0.37,50
486,23.0,77,206,185,38,7,3,6,26,5,2,19,65,0.205,0.286,0.373,20
487,27.0,67,192,171,32,5,2,3,14,4,0,19,45,0.187,0.266,0.292,15
488,23.0,2,5,4,1,0,0,0,0,0,0,1,1,0.25,0.4,0.25,0
489,32.0,114,384,346,77,12,0,4,34,0,1,29,83,0.223,0.292,0.292,25
490,22.0,5,16,14,4,0,0,0,2,0,0,2,3,0.286,0.375,0.286,1
491,28.0,78,309,288,79,18,2,2,24,8,2,16,48,0.274,0.316,0.372,31
492,31.0,10,8,7,1,0,0,0,0,3,0,0,3,0.143,0.143,0.143,1
493,22.0,148,500,431,84,10,2,5,40,9,2,50,103,0.195,0.285,0.262,58
494,24.0,76,274,253,64,13,0,12,30,0,0,16,61,0.253,0.296,0.447,27
495,29.0,115,365,318,79,16,1,12,35,1,1,39,122,0.248,0.34,0.418,46
496,26.0,8,17,17,2,0,0,0,0,0,0,0,9,0.118,0.118,0.118,1
497,26.0,69,179,163,30,4,0,0,6,0,1,11,26,0.184,0.243,0.209,19
498,26.0,34,93,82,13,1,0,1,4,0,0,9,22,0.159,0.242,0.207,6
499,26.53267747931858,129,250,415,80,2,0,23,5,1,0,40,95,0.35070073544806146,0.27733888708909205,0.2817670944306531,13
500,22.0,25,73,69,22,1,0,1,7,0,0,4,8,0.319,0.356,0.377,10
501,21.0,44,163,159,41,7,2,0,10,6,2,1,23,0.258,0.276,0.327,17
502,27.0,97,303,257,52,18,1,6,24,2,0,38,85,0.202,0.318,0.35,43
503,22.0,18,50,47,8,1,0,1,8,1,0,2,13,0.17,0.2,0.255,4
504,30.0,100,333,318,80,17,0,11,34,5,1,12,80,0.252,0.283,0.409,39
505,33.0,85,207,184,34,7,0,6,18,3,0,14,54,0.185,0.255,0.321,20
506,33.0,33,86,71,12,3,0,0,4,0,0,13,27,0.169,0.298,0.211,6
507,29.0,150,555,500,115,26,3,25,73,11,2,51,146,0.23,0.305,0.444,55
508,26.0,7,5,5,0,0,0,0,0,0,0,0,3,0.0,0.0,0.0,0
509,26.0,3,3,3,0,0,0,0,0,0,0,0,2,0.0,0.0,0.0,0
510,25.0,1,3,3,0,0,0,0,0,0,0,0,1,0.0,0.0,0.0,0
511,27.0,2,5,5,0,0,0,0,0,0,0,0,3,0.0,0.0,0.0,0
512,28.0,98,313,284,68,15,0,3,28,0,0,14,76,0.239,0.276,0.324,31
513,28.0,77,251,217,45,7,1,8,26,1,0,26,51,0.207,0.305,0.359,29
514,27.0,23,57,52,5,1,0,1,4,0,0,4,16,0.096,0.158,0.173,3
515,24.0,52,198,181,40,12,2,2,13,3,0,15,66,0.221,0.284,0.343,24
516,22.0,18,57,49,15,3,0,1,2,2,0,6,9,0.306,0.404,0.429,8
517,21.0,90,302,284,70,12,2,2,21,7,4,5,50,0.246,0.28,0.324,33
518,26.0,6,18,18,1,1,0,0,0,0,0,0,2,0.056,0.056,0.111,1
519,28.0,36,111,98,26,6,1,4,12,1,1,10,29,0.265,0.342,0.469,14
520,32.0,63,232,214,45,9,4,1,19,1,0,13,36,0.21,0.263,0.304,17
521,28.0,44,137,117,19,4,1,7,23,1,0,16,57,0.162,0.277,0.393,16
522,24.0,134,555,510,138,28,1,17,76,0,0,31,96,0.271,0.321,0.429,60
523,33.0,149,577,535,133,32,0,17,58,18,4,39,92,0.249,0.303,0.404,66
524,26.0,52,160,150,34,6,2,1,15,2,1,7,54,0.227,0.269,0.313,13
525,24.0,136,558,521,132,20,2,22,63,11,2,22,135,0.253,0.289,0.426,72
526,25.0,101,287,251,59,5,2,3,25,6,1,29,87,0.235,0.322,0.307,27
527,27.0,110,420,373,86,13,0,5,25,8,5,30,76,0.231,0.296,0.306,45
528,25.0,141,614,555,164,42,1,27,88,3,1,50,114,0.295,0.358,0.521,84
529,30.0,3,6,6,0,0,0,0,0,0,0,0,1,0.0,0.0,0.0,0
530,30.0,2,4,4,0,0,0,0,0,0,0,0,3,0.0,0.0,0.0,0
531,30.0,2,4,4,0,0,0,0,0,0,0,0,3,0.0,0.0,0.0,0
532,23.0,15,41,38,5,0,0,1,5,0,0,1,12,0.132,0.15,0.211,3
533,35.0,135,577,530,140,22,6,16,78,4,1,32,109,0.264,0.314,0.419,60
534,27.0,8,17,17,1,0,0,0,1,0,0,0,7,0.059,0.059,0.059,1
535,27.0,10,22,20,1,0,0,0,1,0,0,2,9,0.05,0.136,0.05,3
536,27.0,10,29,25,1,0,0,0,1,0,0,3,10,0.04,0.138,0.04,2
537,33.0,78,285,252,54,12,0,7,25,2,0,24,75,0.214,0.295,0.345,30
538,36.83598111317207,129,31,374,110,36,0,3,30,21,1,31,84,0.27763377174708914,0.31219927398897274,0.6334984958148768,46
539,26.0,145,582,535,134,35,2,16,60,2,4,34,114,0.25,0.306,0.413,66
540,27.0,157,666,586,160,30,6,34,95,11,9,72,161,0.273,0.356,0.519,90
541,33.0,96,297,281,75,17,1,6,36,0,0,12,48,0.267,0.3,0.399,28
542,24.0,19,62,60,12,2,1,3,6,1,0,1,25,0.2,0.226,0.417,9
543,30.0,26,68,56,6,2,0,0,0,1,0,10,24,0.107,0.254,0.143,6
544,30.0,84,296,262,54,12,1,4,23,0,0,29,57,0.206,0.292,0.305,21
545,30.0,147,558,497,117,24,2,7,46,11,1,45,69,0.235,0.307,0.334,61
546,27.0,96,293,260,56,10,0,4,25,0,1,26,62,0.215,0.301,0.3,28
547,24.0,10,28,25,2,0,0,0,2,1,0,1,9,0.08,0.115,0.08,2
548,28.0,3,3,3,0,0,0,0,0,0,0,0,1,0.0,0.0,0.0,0
549,23.0,99,341,314,82,14,2,5,34,11,5,21,88,0.261,0.309,0.366,39
550,28.0,3,3,3,0,0,0,0,0,0,0,0,2,0.0,0.0,0.0,0
551,27.0,67,234,209,51,9,0,9,30,0,0,21,51,0.244,0.316,0.416,25
552,33.0,43,191,181,49,8,0,9,28,11,0,9,30,0.271,0.309,0.464,25
553,32.0,61,191,174,34,6,0,3,18,3,0,11,46,0.195,0.257,0.282,19
554,27.0,140,613,551,151,27,1,20,83,0,0,35,94,0.274,0.338,0.436,65
555,31.0,60,175,157,34,8,0,1,12,0,0,14,28,0.217,0.287,0.287,15
556,31.0,14,42,33,10,2,0,1,1,0,0,8,13,0.303,0.439,0.455,9
557,26.0,15,54,50,7,0,0,0,3,5,0,4,20,0.14,0.204,0.14,3
558,32.0,83,320,273,56,13,1,2,23,3,1,38,90,0.205,0.313,0.282,24
559,26.0,53,131,122,23,4,3,0,8,3,1,4,38,0.189,0.244,0.27,17
560,27.0,145,614,542,142,19,4,27,62,7,3,56,141,0.262,0.345,0.461,74
561,25.0,67,236,212,44,10,1,7,27,0,0,23,62,0.208,0.285,0.363,25
562,24.742099533109258,87,358,561,141,2,0,3,40,0,0,0,23,0.16419282012048225,0.30996971884840663,0.3886446140572283,26
563,24.0,39,125,116,24,6,0,5,20,0,0,8,55,0.207,0.264,0.388,13
564,31.0,118,371,316,76,14,1,7,35,12,7,44,74,0.241,0.331,0.358,35
565,31.0,63,186,168,37,8,0,1,13,0,0,14,32,0.22,0.286,0.286,15
566,29.0,46,183,168,40,9,0,8,28,0,1,9,42,0.238,0.29,0.435,25
567,31.0,11,8,8,1,0,0,0,0,0,0,0,0,0.125,0.125,0.125,1
568,29.0,131,535,499,133,35,1,25,77,6,3,34,152,0.267,0.316,0.491,71
569,25.0,26,75,63,10,1,0,2,5,0,0,11,29,0.159,0.28,0.27,10
570,27.0,36,140,132,31,5,1,1,17,4,1,5,27,0.235,0.257,0.311,13
571,26.0,51,183,168,42,9,1,8,26,0,0,10,56,0.25,0.302,0.458,20
572,28.0,31,106,97,28,4,1,3,15,1,0,7,23,0.289,0.343,0.443,22
573,25.0,52,181,156,36,6,1,9,24,0,1,18,58,0.231,0.331,0.455,21
574,31.0,42,139,126,24,4,0,5,14,2,0,9,48,0.19,0.252,0.341,12
575,25.0,140,572,526,135,28,1,24,76,10,5,39,129,0.257,0.31,0.451,73
576,28.0,61,228,216,55,9,1,2,17,1,0,7,16,0.255,0.288,0.333,20
577,25.0,104,172,156,37,10,0,2,11,2,1,11,55,0.237,0.294,0.34,23
578,27.0,62,205,187,38,4,1,6,16,0,0,13,44,0.203,0.261,0.332,19
579,31.0,13,54,49,8,0,0,1,3,1,0,4,17,0.163,0.226,0.224,6
580,27.0,22,62,52,7,3,0,1,3,0,0,9,8,0.135,0.274,0.25,7
581,23.0,12,26,25,4,2,0,0,4,0,0,1,9,0.16,0.192,0.24,1
582,34.0,80,304,278,79,16,0,4,24,0,0,19,61,0.284,0.339,0.385,22
583,27.0,33,131,114,29,9,1,2,12,4,1,13,25,0.254,0.331,0.404,14
584,27.0,3,6,6,0,0,0,0,0,0,0,0,5,0.0,0.0,0.0,0
585,26.0,6,4,4,0,0,0,0,0,0,0,0,4,0.0,0.0,0.0,1
586,33.0,140,507,471,111,19,2,6,36,9,3,26,61,0.236,0.283,0.323,34
587,32.0,12,25,25,2,0,0,0,1,0,0,0,9,0.08,0.08,0.08,1
588,23.0,17,36,35,6,1,1,0,2,1,2,1,7,0.171,0.194,0.257,3
589,30.0,53,196,186,52,13,0,3,19,3,1,5,21,0.28,0.308,0.398,15
590,30.0,63,222,209,55,13,1,4,23,3,1,8,23,0.263,0.299,0.392,19
591,26.0,6,22,19,5,2,0,0,0,1,0,3,7,0.263,0.364,0.368,2
592,25.0,71,124,115,27,4,1,1,3,11,4,9,40,0.235,0.29,0.313,20
593,25.0,58,223,204,45,14,3,3,17,7,1,14,63,0.221,0.283,0.363,23
594,23.0,31,120,111,24,8,2,2,12,1,1,9,44,0.216,0.275,0.378,10
595,29.0,138,568,518,136,31,2,28,87,2,3,38,126,0.263,0.32,0.492,87
596,31.0,93,272,244,60,10,1,3,23,5,0,26,78,0.246,0.32,0.332,31
597,31.0,77,247,228,57,8,0,2,16,0,0,17,50,0.25,0.308,0.311,14
598,26.0,3,11,10,3,1,0,1,1,0,0,0,3,0.3,0.364,0.7,2
599,27.0,47,171,155,32,6,3,4,12,7,0,13,48,0.206,0.272,0.361,17
600,32.0,14,27,25,4,0,0,0,3,1,0,0,9,0.16,0.154,0.16,1
601,27.0,57,185,166,33,6,3,5,14,7,0,16,52,0.199,0.273,0.361,21
602,29.0,23,40,37,6,1,0,0,3,4,1,3,15,0.162,0.225,0.189,8
603,24.0,26,84,73,13,1,0,1,6,0,1,6,22,0.178,0.244,0.233,8
604,33.0,60,195,180,43,14,0,2,14,0,0,11,30,0.239,0.282,0.35,17
605,23.0,14,41,39,6,1,0,1,4,0,0,1,21,0.154,0.171,0.256,4
606,30.0,10,26,23,3,0,1,1,4,0,0,3,2,0.13,0.231,0.348,4
607,33.0,25,65,56,10,3,0,0,4,0,0,7,23,0.179,0.27,0.232,6
608,25.0,151,592,531,125,23,3,27,74,16,6,46,145,0.235,0.302,0.443,79
609,29.0,5,8,7,0,0,0,0,0,0,0,1,2,0.0,0.125,0.0,0
610,26.0,3,4,3,0,0,0,0,0,0,0,1,1,0.0,0.25,0.0,0
611,24.0,45,156,144,36,7,0,3,21,0,0,5,36,0.25,0.29,0.361,14
612,33.0,22,53,51,5,0,1,0,2,0,0,1,18,0.098,0.132,0.137,2
613,21.0,32,115,104,27,9,2,4,14,2,1,8,31,0.26,0.33,0.5,13
614,26.0,69,190,168,35,6,0,4,15,0,1,16,59,0.208,0.289,0.315,19
615,31.0,13,37,34,5,0,0,2,3,0,1,3,13,0.147,0.216,0.324,3
616,31.0,37,23,20,1,0,0,0,0,10,1,2,12,0.05,0.136,0.05,13
617,27.0,152,647,574,138,24,0,33,89,0,2,55,122,0.24,0.318,0.455,78
618,31.0,31,82,77,18,6,0,2,6,2,1,4,24,0.234,0.272,0.39,9
619,33.0,34,77,74,11,0,1,0,2,0,0,2,24,0.149,0.182,0.176,6
620,27.0,4,6,4,0,0,0,0,0,0,0,2,3,0.0,0.333,0.0,0
621,27.0,1,3,2,0,0,0,0,0,0,0,1,1,0.0,0.333,0.0,0
622,32.0,147,617,560,139,28,4,1,34,10,4,45,114,0.248,0.311,0.318,64
623,31.0,17,8,7,0,0,0,0,0,3,1,1,4,0.0,0.125,0.0,4
624,26.0,51,141,126,28,5,0,3,13,0,0,12,41,0.222,0.291,0.333,14
625,25.0,145,609,555,139,28,1,22,85,4,1,43,154,0.25,0.305,0.423,62
626,32.0,7,19,19,0,0,0,0,0,0,0,0,7,0.0,0.0,0.0,0
627,27.0,6,14,13,0,0,0,0,0,0,0,1,5,0.0,0.071,0.0,2
628,35.0,40,131,124,27,4,2,0,8,1,1,5,32,0.218,0.26,0.282,12
629,24.0,28,94,86,21,5,0,2,13,0,0,8,31,0.244,0.309,0.372,10
630,27.0,89,274,249,67,14,1,3,22,1,0,12,56,0.269,0.307,0.369,25
631,27.0,153,597,529,130,23,3,20,67,7,3,60,158,0.246,0.327,0.414,67
632,27.0,2,7,7,0,0,0,0,0,0,0,0,4,0.0,0.0,0.0,0
633,23.0,58,220,208,49,10,1,5,25,4,1,12,54,0.236,0.277,0.365,25
634,33.0,99,376,327,66,7,0,5,27,1,0,45,79,0.202,0.301,0.269,15
635,26.0,5,8,8,0,0,0,0,0,0,0,0,3,0.0,0.0,0.0,1
636,29.0,23,14,13,1,0,0,0,2,1,1,0,8,0.077,0.143,0.077,3
637,26.0,32,85,77,18,5,0,1,7,3,0,6,17,0.234,0.294,0.338,3
638,29.0,75,278,237,54,10,1,12,34,0,0,40,67,0.228,0.338,0.43,29
639,25.0,127,511,489,129,22,4,17,52,6,2,17,79,0.264,0.294,0.429,45
640,28.0,8,17,17,2,2,0,0,1,0,0,0,9,0.118,0.118,0.235,1
641,38.0,51,159,139,25,4,0,4,15,0,0,15,29,0.18,0.266,0.295,10
642,25.0,48,129,117,31,6,0,5,19,1,0,9,32,0.265,0.318,0.444,17
643,30.0,8,25,21,3,0,0,0,1,0,0,4,4,0.143,0.28,0.143,3
644,31.0,62,174,157,34,8,0,0,9,1,0,8,17,0.217,0.276,0.268,16
645,25.0,23,57,53,10,2,1,1,7,0,0,1,13,0.189,0.2,0.321,6
646,22.0,9,23,22,7,1,0,0,2,0,0,1,5,0.318,0.348,0.364,1
647,32.0,133,583,513,137,22,4,25,76,14,2,54,100,0.267,0.342,0.472,89
648,27.0,87,300,280,80,16,1,6,36,5,1,13,49,0.286,0.322,0.414,32
649,23.0,49,182,158,29,9,1,7,20,0,0,19,66,0.184,0.271,0.386,18
650,29.0,6,16,14,2,0,0,0,3,0,0,2,6,0.143,0.25,0.143,2
651,26.0,9,14,11,2,0,0,1,3,1,0,2,8,0.182,0.357,0.455,5
652,28.0,73,253,223,49,12,0,1,13,1,1,25,47,0.22,0.3,0.287,26
653,27.0,148,612,537,134,37,2,18,66,1,0,56,124,0.25,0.332,0.426,67
654,29.0,74,229,201,46,11,1,6,30,0,0,22,58,0.229,0.31,0.383,23
655,22.0,49,177,160,33,6,2,2,13,2,1,10,44,0.206,0.256,0.306,18
656,27.0,13,33,30,5,0,2,0,3,3,1,3,10,0.167,0.242,0.3,4
657,32.0,2,6,6,1,0,0,0,0,0,0,0,3,0.167,0.167,0.167,0
658,25.0,59,228,209,52,7,0,0,7,3,1,14,27,0.249,0.305,0.282,19
659,26.0,63,161,145,29,3,0,0,6,0,1,11,24,0.2,0.264,0.221,18
660,28.0,67,145,134,32,6,1,1,16,0,0,8,35,0.239,0.29,0.321,14
661,29.0,21,47,42,11,2,2,0,4,0,2,4,21,0.262,0.34,0.405,7
662,24.0,43,117,102,20,9,0,4,10,2,1,13,33,0.196,0.284,0.402,15
663,27.0,35,95,82,17,1,0,3,4,3,2,7,19,0.207,0.309,0.329,14
664,28.0,151,663,593,145,24,1,33,83,3,0,58,103,0.245,0.317,0.455,91
665,29.0,41,127,116,30,8,0,4,12,1,0,6,45,0.259,0.315,0.431,15
666,32.0,48,151,137,28,5,1,1,10,1,0,11,32,0.204,0.278,0.277,15
667,24.0,32,87,78,15,4,0,2,6,0,0,8,23,0.192,0.276,0.321,10
668,25.0,32,109,105,25,4,1,2,11,0,1,2,39,0.238,0.257,0.352,15
669,32.0,31,94,84,15,2,0,0,7,1,0,8,22,0.179,0.255,0.202,5
670,29.0,53,210,177,34,5,0,3,14,0,0,32,41,0.192,0.316,0.271,26
671,25.0,51,180,160,37,13,0,5,18,0,0,18,57,0.231,0.306,0.406,22
672,31.0,20,15,13,1,0,0,0,0,7,0,1,8,0.077,0.143,0.077,9
673,26.0,152,644,593,166,39,1,11,74,1,3,42,86,0.28,0.328,0.405,75
674,24.0,28,108,95,20,5,0,2,8,0,1,11,26,0.211,0.306,0.326,12
675,32.0,46,157,138,30,6,0,5,22,3,1,18,39,0.217,0.306,0.37,16
676,34.0,47,180,161,41,11,1,0,18,0,1,14,40,0.255,0.317,0.335,10
677,28.0,12,39,36,7,3,0,0,4,4,0,2,16,0.194,0.231,0.278,2
678,30.0,62,197,185,44,9,1,5,21,6,0,11,42,0.238,0.279,0.378,23
679,30.0,37,91,76,17,1,0,0,4,7,1,14,26,0.224,0.344,0.237,9
680,31.0,65,177,162,42,7,0,3,21,0,0,10,38,0.259,0.313,0.358,14
681,23.0,32,109,96,23,6,1,5,18,0,0,12,40,0.24,0.324,0.479,14
682,23.0,69,232,212,48,11,0,5,17,3,1,18,52,0.226,0.286,0.349,21
683,31.0,41,111,97,21,6,1,3,6,0,1,11,38,0.216,0.315,0.392,13
684,31.0,25,77,67,16,5,1,2,4,0,1,8,24,0.239,0.338,0.433,10
685,25.0,32,102,92,19,4,0,4,11,1,0,8,35,0.207,0.284,0.38,8
686,27.0,12,33,28,4,1,0,0,3,1,0,4,8,0.143,0.25,0.179,2
687,29.0,31,83,73,17,5,0,1,8,0,0,9,17,0.233,0.325,0.342,9
688,27.0,145,603,518,126,24,3,6,42,3,2,68,80,0.243,0.339,0.336,57
689,23.0,9,29,28,5,0,0,1,4,0,0,1,9,0.179,0.207,0.286,2
690,29.0,22,57,56,7,2,0,0,1,0,0,0,19,0.125,0.14,0.161,1
691,33.0,41,126,108,25,3,0,4,14,0,0,15,36,0.231,0.325,0.37,13
692,31.0,23,74,70,13,1,1,1,6,1,0,3,17,0.186,0.23,0.271,8
693,23.0,6,12,10,0,0,0,0,1,0,0,0,3,0.0,0.0,0.0,1
694,24.0,12,28,24,2,0,0,0,0,2,0,2,4,0.083,0.154,0.083,2
695,30.0,14,42,35,5,1,0,0,4,0,0,5,9,0.143,0.262,0.171,4
696,27.0,152,596,535,118,22,3,0,32,21,1,54,87,0.221,0.291,0.273,72
697,27.0,4,9,8,1,0,0,0,1,0,0,1,2,0.125,0.222,0.125,0
698,29.0,40,128,119,26,4,0,1,9,3,0,9,21,0.218,0.273,0.277,13
699,31.0,139,562,504,139,26,5,22,84,21,1,41,119,0.276,0.342,0.478,75
700,31.0,44,64,55,9,0,0,0,2,3,0,8,10,0.164,0.281,0.164,11
701,29.0,8,14,11,1,0,0,0,0,0,0,2,6,0.091,0.286,0.091,1
702,26.0,4,10,10,0,0,0,0,0,0,0,0,7,0.0,0.0,0.0,0
703,30.0,144,551,501,143,27,3,13,64,1,0,41,96,0.285,0.338,0.429,61
704,26.0,36,105,96,25,3,0,3,12,0,0,7,27,0.26,0.305,0.385,11
705,23.0,14,27,27,6,1,1,0,2,1,2,0,5,0.222,0.222,0.333,1
706,22.0,11,36,35,4,1,0,1,1,0,0,1,12,0.114,0.139,0.229,3
707,23.0,9,9,7,1,0,0,0,0,0,0,0,2,0.143,0.25,0.143,0
708,25.0,38,126,111,21,3,0,1,9,0,0,11,31,0.189,0.278,0.243,4
709,30.0,156,602,541,129,22,4,3,42,11,6,46,73,0.238,0.301,0.311,61
710,27.0,26,79,72,14,4,0,4,10,0,0,6,31,0.194,0.266,0.417,7
711,26.0,4,15,14,2,0,0,0,0,0,0,0,5,0.143,0.2,0.143,0
712,26.0,5,15,14,2,0,0,0,0,0,0,0,5,0.143,0.2,0.143,0
713,25.0,58,184,157,31,4,0,2,16,0,0,20,46,0.197,0.299,0.261,17
714,21.0,83,344,314,87,20,3,6,33,8,0,26,33,0.277,0.328,0.417,46
715,25.0,21,70,64,14,3,1,1,8,2,0,5,20,0.219,0.286,0.344,6
716,26.0,27,56,48,9,3,0,1,7,0,0,5,16,0.188,0.273,0.313,8
717,25.0,9,19,17,3,0,0,1,2,0,0,1,2,0.176,0.211,0.353,1
718,27.0,9,40,36,9,3,1,0,9,0,1,2,5,0.25,0.275,0.389,4
719,34.0,17,57,48,6,1,0,1,3,0,0,6,23,0.125,0.263,0.208,2
720,32.0,6,16,13,2,1,0,0,0,0,0,3,3,0.154,0.313,0.231,3
721,33.0,3,10,8,1,0,0,0,0,0,0,2,3,0.125,0.3,0.125,0
722,31.0,43,63,54,9,0,0,0,2,3,0,8,9,0.167,0.286,0.167,11
723,34.0,22,59,59,18,1,1,0,2,3,2,0,8,0.305,0.305,0.356,6
724,22.0,4,14,13,1,0,0,0,0,0,0,1,7,0.077,0.143,0.077,1
725,33.0,57,176,148,30,4,0,5,17,0,0,24,50,0.203,0.318,0.331,20
726,23.0,3,9,8,0,0,0,0,0,0,0,1,2,0.0,0.111,0.0,2
727,33.0,16,50,40,5,1,0,1,3,0,0,9,14,0.125,0.3,0.225,7
728,29.0,44,137,120,26,5,0,3,8,0,0,16,38,0.217,0.314,0.333,9
729,29.0,28,99,91,21,4,0,3,5,0,0,8,26,0.231,0.293,0.374,8
730,28.0,83,201,176,45,9,1,5,23,13,1,18,53,0.256,0.335,0.403,29
731,25.0,137,581,527,140,30,3,13,63,0,0,46,101,0.266,0.325,0.408,72
732,27.0,19,53,50,9,1,0,0,4,0,0,2,16,0.18,0.212,0.2,2
733,29.0,142,639,572,154,40,3,35,82,12,2,55,104,0.269,0.34,0.533,117
734,24.0,18,50,46,6,1,0,0,2,0,0,3,19,0.13,0.184,0.152,4
735,28.0,5,16,14,1,0,0,0,0,0,0,1,9,0.071,0.188,0.071,1
736,27.0,13,27,26,4,0,0,0,1,0,0,1,6,0.154,0.185,0.154,1
737,26.0,6,14,13,2,1,0,0,1,0,0,1,6,0.154,0.214,0.231,2
738,27.0,6,13,9,0,0,0,0,2,1,0,2,5,0.0,0.154,0.0,2
739,33.0,6,19,19,3,0,0,0,1,0,0,0,8,0.158,0.158,0.158,0
740,27.0,22,25,20,3,1,0,0,0,0,1,3,5,0.15,0.292,0.2,3
741,27.0,7,26,22,3,1,0,0,2,0,0,2,14,0.136,0.231,0.182,2
742,27.0,18,53,44,6,3,0,1,2,0,0,8,6,0.136,0.283,0.273,7
743,27.0,16,36,32,4,1,0,0,2,0,0,3,11,0.125,0.222,0.156,1
744,25.0,5,16,14,1,0,0,1,1,0,0,2,4,0.071,0.188,0.286,1
745,24.0,18,65,57,13,3,0,2,10,1,0,6,25,0.228,0.323,0.386,4
746,32.0,22,59,52,6,2,0,1,1,0,0,6,17,0.115,0.207,0.212,4
747,30.0,15,45,43,5,2,0,0,1,1,0,2,23,0.116,0.156,0.163,2
748,29.0,18,47,42,9,5,0,0,5,0,0,3,13,0.214,0.267,0.333,1
749,33.0,11,28,26,4,1,0,0,0,0,0,2,7,0.154,0.214,0.192,2
750,26.0,58,187,162,33,4,0,1,6,1,0,19,32,0.204,0.301,0.247,17
751,22.0,9,22,20,2,0,0,0,0,0,0,2,6,0.1,0.182,0.1,4
752,28.0,14,49,46,10,3,0,0,9,2,1,2,15,0.217,0.245,0.283,3
753,22.0,11,22,18,2,0,0,0,1,0,0,2,8,0.111,0.19,0.111,0
754,27.0,22,23,18,1,0,0,1,1,0,0,4,14,0.056,0.227,0.222,5
755,31.0,8,24,24,4,0,0,1,2,0,1,0,10,0.167,0.167,0.292,2
756,32.0,1,3,3,1,1,0,0,0,0,0,0,0,0.333,0.333,0.667,0
757,31.0,5,13,10,1,0,0,1,1,0,0,3,3,0.1,0.308,0.4,1
758,27.0,7,13,12,2,0,0,0,0,0,0,0,5,0.167,0.231,0.167,3
759,23.0,6,9,8,1,1,0,0,1,0,0,1,2,0.125,0.222,0.25,0
760,28.0,27,92,86,21,1,0,7,17,0,1,5,36,0.244,0.293,0.5,12
761,27.0,14,35,33,6,2,0,0,3,0,0,1,15,0.182,0.2,0.242,4
762,26.0,55,166,151,34,2,0,3,15,0,0,12,50,0.225,0.283,0.298,13
763,27.0,10,14,11,1,0,0,1,2,0,0,3,4,0.091,0.286,0.364,4
764,22.0,16,41,36,6,1,0,1,3,0,0,5,12,0.167,0.268,0.278,3
765,23.0,30,94,83,18,2,2,1,12,0,0,8,23,0.217,0.287,0.325,10
766,23.0,17,29,26,4,0,0,0,1,0,0,2,10,0.154,0.214,0.154,2
767,27.0,27,100,96,22,2,0,1,8,4,0,3,22,0.229,0.25,0.281,9
768,26.0,18,49,42,7,1,0,1,2,0,1,4,18,0.167,0.286,0.262,5
769,32.0,14,50,45,11,3,0,0,4,0,0,4,9,0.244,0.32,0.311,6
770,25.0,47,124,111,21,2,0,0,5,0,0,9,34,0.189,0.25,0.207,9
771,22.0,9,24,24,4,0,0,0,0,0,1,0,7,0.167,0.167,0.167,1
772,27.0,16,43,37,7,0,0,0,6,0,0,5,12,0.189,0.279,0.189,0
773,27.0,2,4,4,1,0,0,0,0,0,0,0,2,0.25,0.25,0.25,0
774,33.0,21,69,60,14,2,0,2,8,0,0,9,25,0.233,0.333,0.367,8
775,25.0,7,18,18,4,2,0,0,2,0,0,0,2,0.222,0.222,0.333,0
776,23.0,6,15,12,1,0,0,0,0,0,0,3,4,0.083,0.267,0.083,0
777,26.0,32,71,67,14,2,0,2,5,1,0,2,25,0.209,0.254,0.328,7
778,30.0,2,4,4,1,0,0,0,0,0,0,0,1,0.25,0.25,0.25,0
779,25.0,3,6,5,1,0,0,0,0,0,0,1,4,0.2,0.333,0.2,1
780,27.0,29,60,57,12,2,0,3,7,1,0,3,10,0.211,0.25,0.404,7
781,23.0,24,86,77,19,3,0,0,3,1,0,4,11,0.247,0.314,0.286,9
782,26.0,8,17,16,3,0,0,0,0,1,0,1,6,0.188,0.235,0.188,1
783,29.0,1,4,4,1,0,0,0,2,0,0,0,0,0.25,0.25,0.25,0
784,26.0,4,9,8,2,1,0,0,2,0,0,0,3,0.25,0.222,0.375,1
785,26.0,7,17,16,3,1,0,0,1,0,0,1,7,0.188,0.235,0.25,2
786,26.0,23,60,51,11,2,0,2,6,1,0,4,15,0.216,0.276,0.373,7
787,27.0,22,72,61,12,2,0,1,4,0,0,7,24,0.197,0.306,0.279,7
788,32.0,17,54,52,12,2,0,3,7,0,1,2,15,0.231,0.259,0.442,7
789,27.0,21,49,46,11,1,0,2,8,0,0,1,4,0.239,0.245,0.391,10
790,26.0,25,69,61,12,2,0,0,0,0,0,5,12,0.197,0.279,0.23,5
791,24.0,3,11,10,2,0,0,0,0,1,0,1,3,0.2,0.273,0.2,2
792,21.0,15,51,49,13,3,0,0,1,0,0,2,7,0.265,0.294,0.327,3
793,29.0,47,115,108,23,2,0,1,4,0,1,3,34,0.213,0.248,0.259,6
794,30.0,5,17,15,3,0,0,0,0,0,0,1,5,0.2,0.294,0.2,1
795,30.0,5,14,14,3,1,0,0,1,0,0,0,5,0.214,0.214,0.286,1
796,28.0,5,16,15,4,0,0,0,0,0,0,1,2,0.267,0.313,0.267,1
797,25.0,8,12,12,3,1,0,0,3,0,0,0,4,0.25,0.25,0.333,1
798,27.0,10,32,30,8,0,0,0,0,0,0,2,12,0.267,0.313,0.267,1
799,31.0,12,42,42,12,1,0,0,3,3,1,0,8,0.286,0.286,0.31,9
800,25.0,6,11,10,2,1,0,0,3,0,0,1,5,0.2,0.273,0.3,0
801,29.0,5,7,7,2,0,0,0,2,1,0,0,4,0.286,0.286,0.286,1
802,28.0,8,21,18,4,2,0,0,1,0,0,3,7,0.222,0.333,0.333,0
803,26.0,14,25,21,5,0,0,0,2,0,0,3,7,0.238,0.333,0.238,4
804,33.0,12,24,23,6,0,0,0,0,0,0,1,6,0.261,0.292,0.261,4
805,22.0,11,42,38,7,0,0,2,5,0,0,2,8,0.184,0.244,0.342,4
806,22.0,17,65,61,16,0,0,1,2,0,0,4,13,0.262,0.308,0.311,9
807,29.0,9,16,16,4,1,0,0,0,0,0,0,4,0.25,0.25,0.313,4
808,28.0,16,34,34,9,1,0,0,3,0,1,0,10,0.265,0.265,0.294,3
809,26.0,5,12,12,3,0,0,0,0,0,0,0,7,0.25,0.25,0.25,0
810,31.0,10,16,15,4,2,0,0,1,0,0,0,4,0.267,0.267,0.4,2
811,32.0,16,51,49,11,1,0,1,2,0,0,1,13,0.224,0.24,0.306,2
812,23.0,16,53,48,9,1,0,1,3,1,0,5,9,0.188,0.264,0.271,4
