Age,G,PA,AB,R,H,2B,3B,HR,RBI,SB,CS,BB,SO,BA,OBP,SLG
27,1,1,1,0,0,0,0,0,0,0,0,0,1,0.000,0.000,0.000
32,2,1,1,0,0,0,0,0,0,0,0,0,1,0.000,0.000,0.000
23,6,12,10,1,0,0,0,0,1,0,0,0,3,0.000,0.000,0.000
25,1,3,3,0,0,0,0,0,0,0,0,0,1,0.000,0.000,0.000
26,4,10,10,0,0,0,0,0,0,0,0,0,7,0.000,0.000,0.000
27,1,3,3,0,0,0,0,0,0,0,0,0,2,0.000,0.000,0.000
25,1,1,1,0,0,0,0,0,0,0,0,0,1,0.000,0.000,0.000
30,3,6,6,0,0,0,0,0,0,0,0,0,1,0.000,0.000,0.000
26,3,3,3,0,0,0,0,0,0,0,0,0,2,0.000,0.000,0.000
26,5,8,8,1,0,0,0,0,0,0,0,0,3,0.000,0.000,0.000
27,3,7,7,1,0,0,0,0,0,0,1,0,3,0.000,0.000,0.000
29,5,8,7,0,0,0,0,0,0,0,0,1,2,0.000,0.125,0.000
27,2,5,3,2,0,0,0,0,0,0,0,2,2,0.000,0.400,0.000
27,3,6,6,0,0,0,0,0,0,0,0,0,5,0.000,0.000,0.000
31,17,8,7,4,0,0,0,0,0,3,1,1,4,0.000,0.125,0.000
26,6,4,4,1,0,0,0,0,0,0,0,0,4,0.000,0.000,0.000
28,3,3,3,0,0,0,0,0,0,0,0,0,1,0.000,0.000,0.000
31,1,1,1,0,0,0,0,0,0,0,0,0,1,0.000,0.000,0.000
28,1,1,1,0,0,0,0,0,0,0,0,0,0,0.000,0.000,0.000
30,2,4,4,0,0,0,0,0,0,0,0,0,3,0.000,0.000,0.000
27,1,1,1,0,0,0,0,0,0,0,0,0,1,0.000,0.000,0.000
27,2,5,5,0,0,0,0,0,0,0,0,0,3,0.000,0.000,0.000
26,7,5,5,0,0,0,0,0,0,0,0,0,3,0.000,0.000,0.000
29,4,10,9,0,0,0,0,0,0,0,0,1,5,0.000,0.100,0.000
27,6,14,13,2,0,0,0,0,0,0,0,1,5,0.000,0.071,0.000
31,5,6,6,0,0,0,0,0,0,1,0,0,3,0.000,0.000,0.000
27,4,6,4,0,0,0,0,0,0,0,0,2,3,0.000,0.333,0.000
27,1,1,1,0,0,0,0,0,0,0,0,0,1,0.000,0.000,0.000
27,1,3,2,0,0,0,0,0,0,0,0,1,1,0.000,0.333,0.000
22,5,8,8,0,0,0,0,0,0,0,0,0,5,0.000,0.000,0.000
25,3,11,11,0,0,0,0,0,0,0,0,0,1,0.000,0.000,0.000
26,5,10,9,1,0,0,0,0,0,0,0,1,4,0.000,0.100,0.000
22,1,1,1,0,0,0,0,0,0,0,0,0,1,0.000,0.000,0.000
37,2,1,1,0,0,0,0,0,0,0,0,0,1,0.000,0.000,0.000
37,2,1,1,0,0,0,0,0,0,0,0,0,1,0.000,0.000,0.000
27,2,1,1,0,0,0,0,0,1,0,0,0,0,0.000,0.000,0.000
27,2,7,7,0,0,0,0,0,0,0,0,0,4,0.000,0.000,0.000
23,3,9,8,2,0,0,0,0,0,0,0,1,2,0.000,0.111,0.000
26,3,4,3,0,0,0,0,0,0,0,0,1,1,0.000,0.250,0.000
26,1,2,2,0,0,0,0,0,0,0,0,0,1,0.000,0.000,0.000
32,7,19,19,0,0,0,0,0,0,0,0,0,7,0.000,0.000,0.000
27,6,13,9,2,0,0,0,0,2,1,0,2,5,0.000,0.154,0.000
28,3,3,3,0,0,0,0,0,0,0,0,0,2,0.000,0.000,0.000
28,1,1,1,0,0,0,0,0,0,0,0,0,0,0.000,0.000,0.000
25,5,11,11,0,0,0,0,0,0,0,0,0,5,0.000,0.000,0.000
30,2,4,4,0,0,0,0,0,0,0,0,0,3,0.000,0.000,0.000
27,10,29,25,2,1,0,0,0,1,0,0,3,10,0.040,0.138,0.040
27,10,22,20,3,1,0,0,0,1,0,0,2,9,0.050,0.136,0.050
31,37,23,20,13,1,0,0,0,0,10,1,2,12,0.050,0.136,0.050
28,9,22,19,3,1,0,1,0,0,0,0,3,13,0.053,0.182,0.158
26,6,18,18,1,1,1,0,0,0,0,0,0,2,0.056,0.056,0.111
27,22,23,18,5,1,0,0,1,1,0,0,4,14,0.056,0.227,0.222
27,8,17,17,1,1,0,0,0,1,0,0,0,7,0.059,0.059,0.059
28,5,16,14,1,1,0,0,0,0,0,0,1,9,0.071,0.188,0.071
31,6,16,14,1,1,0,0,0,2,0,1,2,7,0.071,0.188,0.071
25,5,16,14,1,1,0,0,1,1,0,0,2,4,0.071,0.188,0.286
31,20,15,13,9,1,0,0,0,0,7,0,1,8,0.077,0.143,0.077
22,4,14,13,1,1,0,0,0,0,0,0,1,7,0.077,0.143,0.077
29,23,14,13,3,1,0,0,0,2,1,1,0,8,0.077,0.143,0.077
32,12,25,25,1,2,0,0,0,1,0,0,0,9,0.080,0.080,0.080
24,10,28,25,2,2,0,0,0,2,1,0,1,9,0.080,0.115,0.080
24,12,28,24,2,2,0,0,0,0,2,0,2,4,0.083,0.154,0.083
23,6,15,12,0,1,0,0,0,0,0,0,3,4,0.083,0.267,0.083
33,4,13,12,1,1,1,0,0,0,0,0,1,4,0.083,0.154,0.167
29,20,71,60,1,5,0,0,1,3,1,0,9,25,0.083,0.211,0.133
25,7,23,23,0,2,0,0,0,0,0,0,0,5,0.087,0.087,0.087
39,12,34,33,1,3,0,0,0,1,0,0,1,10,0.091,0.118,0.091
29,6,12,11,0,1,0,0,0,2,0,0,1,2,0.091,0.167,0.091
27,10,14,11,4,1,0,0,1,2,0,0,3,4,0.091,0.286,0.364
29,8,14,11,1,1,0,0,0,0,0,0,2,6,0.091,0.286,0.091
29,20,47,43,6,4,1,1,0,1,0,0,2,8,0.093,0.170,0.163
27,23,57,52,3,5,1,0,1,4,0,0,4,16,0.096,0.158,0.173
24,17,35,31,4,3,0,0,0,1,2,0,3,13,0.097,0.200,0.097
33,22,53,51,2,5,0,1,0,2,0,0,1,18,0.098,0.132,0.137
31,5,13,10,1,1,0,0,1,1,0,0,3,3,0.100,0.308,0.400
22,9,22,20,4,2,0,0,0,0,0,0,2,6,0.100,0.182,0.100
29,100,101,89,14,9,4,0,2,5,3,2,5,41,0.101,0.200,0.213
27,15,22,19,0,2,1,0,0,1,0,0,2,6,0.105,0.227,0.158
29,77,87,76,11,8,4,0,2,3,2,1,5,33,0.105,0.209,0.237
30,26,68,56,6,6,2,0,0,0,1,0,10,24,0.107,0.254,0.143
30,17,44,37,1,4,0,0,0,2,0,2,5,13,0.108,0.214,0.108
30,14,44,37,1,4,0,0,0,2,0,2,5,13,0.108,0.214,0.108
28,17,41,36,5,4,0,1,0,0,1,1,5,25,0.111,0.220,0.167
22,11,22,18,0,2,0,0,0,1,0,0,2,8,0.111,0.190,0.111
26,11,19,18,1,2,0,0,0,2,0,0,1,7,0.111,0.158,0.111
25,7,22,18,3,2,0,0,1,6,0,0,2,3,0.111,0.182,0.278
24,5,9,9,0,1,0,0,0,0,0,0,0,4,0.111,0.111,0.111
25,22,38,35,3,4,0,0,0,3,0,2,2,12,0.114,0.158,0.114
22,11,36,35,3,4,1,0,1,1,0,0,1,12,0.114,0.139,0.229
32,22,59,52,4,6,2,0,1,1,0,0,6,17,0.115,0.207,0.212
35,34,88,78,6,9,2,0,1,3,1,0,8,40,0.115,0.205,0.179
27,31,73,61,7,7,2,0,0,4,1,0,7,27,0.115,0.250,0.148
30,15,45,43,2,5,2,0,0,1,1,0,2,23,0.116,0.156,0.163
26,8,17,17,1,2,0,0,0,0,0,0,0,9,0.118,0.118,0.118
28,8,17,17,1,2,2,0,0,1,0,0,0,9,0.118,0.118,0.235
27,28,61,58,9,7,1,0,3,6,1,0,1,21,0.121,0.148,0.293
32,13,36,33,3,4,0,0,1,2,0,0,3,9,0.121,0.194,0.212
27,14,41,33,3,4,1,0,0,2,0,0,6,10,0.121,0.244,0.152
25,13,34,33,0,4,1,0,0,3,0,0,1,10,0.121,0.147,0.152
29,109,117,105,18,13,5,0,2,5,3,2,5,45,0.124,0.207,0.229
27,4,9,8,0,1,0,0,0,1,0,0,1,2,0.125,0.222,0.125
33,16,50,40,7,5,1,0,1,3,0,0,9,14,0.125,0.300,0.225
23,6,9,8,0,1,1,0,0,1,0,0,1,2,0.125,0.222,0.250
31,11,8,8,1,1,0,0,0,0,0,0,0,0,0.125,0.125,0.125
33,3,10,8,0,1,0,0,0,0,0,0,2,3,0.125,0.300,0.125
27,6,17,16,2,2,0,0,1,4,1,0,0,4,0.125,0.118,0.313
29,22,57,56,1,7,2,0,0,1,0,0,0,19,0.125,0.140,0.161
27,16,36,32,1,4,1,0,0,2,0,0,3,11,0.125,0.222,0.156
34,17,57,48,2,6,1,0,1,3,0,0,6,23,0.125,0.263,0.208
30,16,46,39,4,5,1,0,0,4,0,0,5,12,0.128,0.239,0.154
30,11,35,31,2,4,1,0,0,2,0,0,3,9,0.129,0.229,0.161
24,18,50,46,4,6,1,0,0,2,0,0,3,19,0.130,0.184,0.152
30,10,26,23,4,3,0,1,1,4,0,0,3,2,0.130,0.231,0.348
23,15,41,38,3,5,0,0,1,5,0,0,1,12,0.132,0.150,0.211
33,8,21,15,0,2,0,0,0,0,0,0,6,4,0.133,0.381,0.133
27,22,62,52,7,7,3,0,1,3,0,0,9,8,0.135,0.274,0.250
27,7,26,22,2,3,1,0,0,2,0,0,2,14,0.136,0.231,0.182
27,18,53,44,7,6,3,0,1,2,0,0,8,6,0.136,0.283,0.273
27,25,60,59,3,8,2,0,2,5,0,0,0,17,0.136,0.136,0.271
25,14,31,29,4,4,1,0,2,6,0,0,1,12,0.138,0.194,0.379
27,22,57,50,2,7,0,0,0,6,0,0,6,17,0.140,0.228,0.140
26,15,54,50,3,7,0,0,0,3,5,0,4,20,0.140,0.204,0.140
22,54,181,163,20,23,5,1,7,17,5,2,16,61,0.141,0.221,0.313
26,5,15,14,0,2,0,0,0,0,0,0,0,5,0.143,0.200,0.143
26,4,15,14,0,2,0,0,0,0,0,0,0,5,0.143,0.200,0.143
31,10,8,7,1,1,0,0,0,0,3,0,0,3,0.143,0.143,0.143
27,12,33,28,2,4,1,0,0,3,1,0,4,8,0.143,0.250,0.179
25,15,35,28,2,4,0,0,0,4,0,0,5,8,0.143,0.314,0.143
27,8,11,7,2,1,1,0,0,0,0,0,3,1,0.143,0.400,0.286
30,14,42,35,4,5,1,0,0,4,0,0,5,9,0.143,0.262,0.171
26,18,62,56,6,8,0,0,3,5,0,0,5,19,0.143,0.226,0.304
23,9,9,7,0,1,0,0,0,0,0,0,0,2,0.143,0.250,0.143
25,30,77,70,8,10,0,0,2,6,0,0,4,27,0.143,0.184,0.229
26,39,103,91,7,13,1,0,1,4,0,0,10,26,0.143,0.228,0.187
30,8,25,21,3,3,0,0,0,1,0,0,4,4,0.143,0.280,0.143
29,6,16,14,2,2,0,0,0,3,0,0,2,6,0.143,0.250,0.143
35,5,17,14,1,2,0,0,0,2,0,0,1,1,0.143,0.235,0.143
30,12,40,35,3,5,1,0,1,4,0,0,4,9,0.143,0.231,0.257
28,83,225,201,22,29,6,0,5,15,7,0,16,94,0.144,0.217,0.249
26,56,127,117,13,17,4,0,5,17,1,0,8,33,0.145,0.197,0.308
31,13,37,34,3,5,0,0,2,3,0,1,3,13,0.147,0.216,0.324
28,75,208,184,21,27,4,0,5,14,7,0,16,85,0.147,0.225,0.250
33,37,99,95,8,14,2,0,3,9,0,0,2,36,0.147,0.173,0.263
31,36,123,115,7,17,3,0,5,16,0,0,6,46,0.148,0.195,0.304
33,34,77,74,6,11,0,1,0,2,0,0,2,24,0.149,0.182,0.176
29,45,132,121,10,18,0,0,6,14,1,0,10,32,0.149,0.214,0.298
33,48,127,121,10,18,3,0,3,9,0,0,4,43,0.149,0.183,0.248
39,33,104,100,5,15,1,0,1,4,0,0,4,25,0.150,0.183,0.190
26,11,26,20,3,3,2,0,0,1,0,0,5,7,0.150,0.346,0.250
27,22,25,20,3,3,1,0,0,0,0,1,3,5,0.150,0.292,0.200
29,39,116,107,8,16,0,0,6,11,1,0,8,26,0.150,0.209,0.318
24,48,174,165,13,25,3,0,2,10,4,1,9,76,0.152,0.195,0.206
35,28,74,66,6,10,3,0,0,7,0,0,5,20,0.152,0.216,0.197
28,29,80,72,7,11,3,1,0,4,5,1,7,41,0.153,0.225,0.222
32,6,16,13,3,2,1,0,0,0,0,0,3,3,0.154,0.313,0.231
39,9,27,26,1,4,1,0,0,0,0,0,1,4,0.154,0.185,0.192
23,14,41,39,4,6,1,0,1,4,0,0,1,21,0.154,0.171,0.256
26,6,14,13,2,2,1,0,0,1,0,0,1,6,0.154,0.214,0.231
23,17,29,26,2,4,0,0,0,1,0,0,2,10,0.154,0.214,0.154
33,11,28,26,2,4,1,0,0,0,0,0,2,7,0.154,0.214,0.192
27,13,27,26,1,4,0,0,0,1,0,0,1,6,0.154,0.185,0.154
27,36,108,97,9,15,4,0,4,11,0,0,9,41,0.155,0.231,0.320
33,51,136,129,10,20,3,0,3,9,0,0,4,46,0.155,0.187,0.248
28,77,237,210,19,33,9,0,6,25,3,2,21,79,0.157,0.245,0.286
31,74,82,76,12,12,3,1,3,8,0,0,6,32,0.158,0.220,0.342
33,6,19,19,0,3,0,0,0,1,0,0,0,8,0.158,0.158,0.158
28,25,78,76,9,12,8,0,1,8,0,0,1,16,0.158,0.179,0.303
28,24,78,76,8,12,8,0,1,8,0,0,1,16,0.158,0.179,0.303
28,82,273,233,32,37,4,1,12,24,2,0,40,106,0.159,0.282,0.339
26,34,93,82,6,13,1,0,1,4,0,0,9,22,0.159,0.242,0.207
25,26,75,63,10,10,1,0,2,5,0,0,11,29,0.159,0.280,0.270
32,14,27,25,1,4,0,0,0,3,1,0,0,9,0.160,0.154,0.160
28,126,410,350,48,56,8,2,19,47,3,0,56,163,0.160,0.280,0.357
23,12,26,25,1,4,2,0,0,4,0,0,1,9,0.160,0.192,0.240
27,14,29,25,1,4,1,0,0,2,0,0,3,7,0.160,0.276,0.200
37,70,191,168,18,27,4,1,7,23,1,0,17,46,0.161,0.241,0.321
28,44,137,117,16,19,4,1,7,23,1,0,16,57,0.162,0.277,0.393
29,23,40,37,8,6,1,0,0,3,4,1,3,15,0.162,0.225,0.189
24,52,162,147,13,24,5,0,3,16,5,5,12,37,0.163,0.228,0.259
29,105,338,294,26,48,4,0,7,30,2,0,25,78,0.163,0.241,0.248
31,13,54,49,6,8,0,0,1,3,1,0,4,17,0.163,0.226,0.224
31,44,64,55,11,9,0,0,0,2,3,0,8,10,0.164,0.281,0.164
26,45,96,91,7,15,1,3,0,5,6,1,4,25,0.165,0.200,0.242
23,91,260,241,18,40,5,2,3,18,2,2,15,70,0.166,0.218,0.241
20,5,14,12,3,2,1,0,1,1,0,0,2,4,0.167,0.286,0.500
24,65,238,204,21,34,10,2,5,16,4,1,30,67,0.167,0.277,0.309
28,16,39,36,5,6,2,0,3,4,1,0,2,14,0.167,0.211,0.472
27,12,16,12,2,2,0,0,0,0,0,0,4,4,0.167,0.375,0.167
26,18,49,42,5,7,1,0,1,2,0,1,4,18,0.167,0.286,0.262
31,8,24,24,2,4,0,0,1,2,0,1,0,10,0.167,0.167,0.292
29,2,8,6,0,1,0,0,0,0,0,0,2,3,0.167,0.375,0.167
31,43,63,54,11,9,0,0,0,2,3,0,8,9,0.167,0.286,0.167
31,16,34,30,3,5,1,0,1,2,0,0,3,14,0.167,0.265,0.300
27,13,33,30,4,5,0,2,0,3,3,1,3,10,0.167,0.242,0.300
32,2,6,6,0,1,0,0,0,0,0,0,0,3,0.167,0.167,0.167
27,7,13,12,3,2,0,0,0,0,0,0,0,5,0.167,0.231,0.167
25,4,12,12,0,2,0,0,0,0,0,0,0,4,0.167,0.167,0.167
22,9,24,24,1,4,0,0,0,0,0,1,0,7,0.167,0.167,0.167
25,23,71,60,5,10,3,0,0,1,1,1,8,23,0.167,0.261,0.217
22,16,41,36,3,6,1,0,1,3,0,0,5,12,0.167,0.268,0.278
25,58,174,160,12,27,4,0,5,11,1,0,11,54,0.169,0.224,0.288
33,33,86,71,6,12,3,0,0,4,0,0,13,27,0.169,0.298,0.211
24,37,112,106,13,18,3,1,3,8,1,0,4,44,0.170,0.207,0.302
22,18,50,47,4,8,1,0,1,8,1,0,2,13,0.170,0.200,0.255
23,17,36,35,3,6,1,1,0,2,1,2,1,7,0.171,0.194,0.257
30,50,193,170,11,29,4,0,2,19,0,0,19,50,0.171,0.249,0.229
29,16,38,29,1,5,1,0,0,3,0,0,8,12,0.172,0.368,0.207
25,142,466,407,53,70,18,2,8,33,10,3,52,120,0.172,0.268,0.285
32,34,85,75,8,13,1,0,0,7,4,0,7,13,0.173,0.244,0.187
32,37,110,97,8,17,3,0,0,7,1,0,11,25,0.175,0.264,0.206
25,18,63,63,3,11,1,1,0,2,1,0,0,25,0.175,0.175,0.222
26,48,155,142,14,25,4,0,5,10,0,1,12,46,0.176,0.245,0.310
25,9,19,17,1,3,0,0,1,2,0,0,1,2,0.176,0.211,0.353
28,8,19,17,2,3,0,0,0,0,1,1,2,12,0.176,0.263,0.176
27,66,201,176,20,31,8,3,3,17,4,1,23,64,0.176,0.274,0.307
28,83,234,205,26,36,5,0,11,28,5,1,25,60,0.176,0.274,0.361
30,51,186,165,17,29,7,0,8,22,0,0,18,49,0.176,0.258,0.364
26,39,123,113,10,20,7,0,1,7,2,1,10,31,0.177,0.244,0.265
32,40,80,73,9,13,4,0,1,9,0,0,7,19,0.178,0.250,0.274
24,26,84,73,8,13,1,0,1,6,0,1,6,22,0.178,0.244,0.233
26,48,147,135,18,24,4,2,3,10,6,1,9,48,0.178,0.238,0.304
32,31,94,84,5,15,2,0,0,7,1,0,8,22,0.179,0.255,0.202
23,9,29,28,2,5,0,0,1,4,0,0,1,9,0.179,0.207,0.286
36,43,156,145,17,26,5,0,1,9,2,2,8,36,0.179,0.231,0.234
38,67,220,195,10,35,9,0,4,22,1,0,19,67,0.179,0.265,0.287
33,25,65,56,6,10,3,0,0,4,0,0,7,23,0.179,0.270,0.232
27,19,53,50,2,9,1,0,0,4,0,0,2,16,0.180,0.212,0.200
38,50,184,167,14,30,5,0,3,16,1,0,15,39,0.180,0.245,0.263
25,47,151,139,9,25,9,1,2,13,4,0,7,42,0.180,0.216,0.302
31,102,375,333,32,60,12,1,9,30,0,0,38,112,0.180,0.267,0.303
38,51,159,139,10,25,4,0,4,15,0,0,15,29,0.180,0.266,0.295
24,28,61,55,8,10,1,0,0,3,0,0,3,19,0.182,0.250,0.200
24,23,81,77,7,14,3,0,3,14,2,0,3,32,0.182,0.210,0.338
26,9,14,11,5,2,0,0,1,3,1,0,2,8,0.182,0.357,0.455
27,14,35,33,4,6,2,0,0,3,0,0,1,15,0.182,0.200,0.242
33,20,62,60,4,11,2,1,0,0,0,0,2,15,0.183,0.210,0.250
22,11,42,38,4,7,0,0,2,5,0,0,2,8,0.184,0.244,0.342
26,69,179,163,19,30,4,0,0,6,0,1,11,26,0.184,0.243,0.209
25,152,524,451,58,83,16,2,17,53,7,1,57,150,0.184,0.284,0.341
28,70,200,174,26,32,6,1,2,14,5,1,23,57,0.184,0.280,0.264
23,49,182,158,18,29,9,1,7,20,0,0,19,66,0.184,0.271,0.386
33,85,207,184,20,34,7,0,6,18,3,0,14,54,0.185,0.255,0.321
25,109,352,324,36,60,13,1,10,35,2,0,22,65,0.185,0.239,0.324
29,46,134,118,17,22,4,0,2,8,8,2,10,42,0.186,0.260,0.271
29,38,46,43,13,8,1,0,2,4,8,2,2,7,0.186,0.239,0.349
35,113,379,344,40,64,12,0,15,45,0,0,22,116,0.186,0.248,0.352
31,23,74,70,8,13,1,1,1,6,1,0,3,17,0.186,0.230,0.271
27,67,192,171,15,32,5,2,3,14,4,0,19,45,0.187,0.266,0.292
23,16,53,48,4,9,1,0,1,3,1,0,5,9,0.188,0.264,0.271
26,7,17,16,2,3,1,0,0,1,0,0,1,7,0.188,0.235,0.250
26,8,17,16,1,3,0,0,0,0,1,0,1,6,0.188,0.235,0.188
26,27,56,48,8,9,3,0,1,7,0,0,5,16,0.188,0.273,0.313
25,23,57,53,6,10,2,1,1,7,0,0,1,13,0.189,0.200,0.321
25,38,126,111,4,21,3,0,1,9,0,0,11,31,0.189,0.278,0.243
30,16,41,37,4,7,1,0,0,3,1,0,4,12,0.189,0.268,0.216
25,47,124,111,9,21,2,0,0,5,0,0,9,34,0.189,0.250,0.207
27,16,43,37,0,7,0,0,0,6,0,0,5,12,0.189,0.279,0.189
26,53,131,122,17,23,4,3,0,8,3,1,4,38,0.189,0.244,0.270
31,42,139,126,12,24,4,0,5,14,2,0,9,48,0.190,0.252,0.341
22,16,57,47,9,9,1,1,1,5,1,0,8,16,0.191,0.321,0.319
28,24,72,68,4,13,4,0,1,6,0,0,2,9,0.191,0.214,0.294
24,32,87,78,10,15,4,0,2,6,0,0,8,23,0.192,0.276,0.321
29,53,210,177,26,34,5,0,3,14,0,0,32,41,0.192,0.316,0.271
36,79,294,255,35,49,8,0,15,39,0,0,35,60,0.192,0.293,0.400
27,26,79,72,7,14,4,0,4,10,0,0,6,31,0.194,0.266,0.417
28,12,39,36,2,7,3,0,0,4,4,0,2,16,0.194,0.231,0.278
27,58,152,134,11,26,10,1,0,17,0,0,12,37,0.194,0.276,0.284
39,12,43,41,3,8,0,0,1,3,0,0,2,11,0.195,0.233,0.268
32,61,191,174,19,34,6,0,3,18,3,0,11,46,0.195,0.257,0.282
22,148,500,431,58,84,10,2,5,40,9,2,50,103,0.195,0.285,0.262
34,125,424,388,36,76,14,1,12,49,3,2,27,136,0.196,0.257,0.330
31,136,565,464,69,91,22,1,21,69,2,0,90,141,0.196,0.329,0.384
24,43,117,102,15,20,9,0,4,10,2,1,13,33,0.196,0.284,0.402
27,125,349,322,37,63,8,0,9,28,17,1,15,119,0.196,0.236,0.304
28,80,276,259,24,51,13,0,10,30,2,3,17,101,0.197,0.246,0.363
22,27,95,76,11,15,1,0,5,12,1,0,19,23,0.197,0.358,0.408
25,58,184,157,17,31,4,0,2,16,0,0,20,46,0.197,0.299,0.261
27,22,72,61,7,12,2,0,1,4,0,0,7,24,0.197,0.306,0.279
24,73,253,213,23,42,5,0,2,16,4,3,28,50,0.197,0.307,0.249
26,25,69,61,5,12,2,0,0,0,0,0,5,12,0.197,0.279,0.230
28,42,116,106,10,21,2,0,4,13,5,0,7,30,0.198,0.259,0.330
28,95,314,272,26,54,12,0,9,34,0,0,31,67,0.199,0.300,0.342
27,57,185,166,21,33,6,3,5,14,7,0,16,52,0.199,0.273,0.361
25,8,7,5,2,1,0,0,0,0,0,0,2,1,0.200,0.429,0.200
26,63,161,145,18,29,3,0,0,6,0,1,11,24,0.200,0.264,0.221
24,3,11,10,2,2,0,0,0,0,1,0,1,3,0.200,0.273,0.200
26,10,21,20,3,4,2,0,1,3,0,0,1,9,0.200,0.238,0.450
30,5,17,15,1,3,0,0,0,0,0,0,1,5,0.200,0.294,0.200
24,19,62,60,9,12,2,1,3,6,1,0,1,25,0.200,0.226,0.417
25,6,11,10,0,2,1,0,0,3,0,0,1,5,0.200,0.273,0.300
22,7,6,5,0,1,0,0,0,0,0,0,1,2,0.200,0.333,0.200
23,3,7,5,1,1,1,0,0,0,0,0,1,0,0.200,0.429,0.400
28,47,117,105,16,21,2,0,3,10,12,1,11,41,0.200,0.274,0.305
25,3,6,5,1,1,0,0,0,0,0,0,1,4,0.200,0.333,0.200
27,97,303,257,43,52,18,1,6,24,2,0,38,85,0.202,0.318,0.350
33,99,376,327,15,66,7,0,5,27,1,0,45,79,0.202,0.301,0.269
27,49,119,114,17,23,6,1,4,16,2,2,3,27,0.202,0.227,0.377
36,131,506,431,52,87,18,0,19,60,0,0,71,88,0.202,0.316,0.376
30,131,510,481,48,97,23,1,11,38,5,0,19,107,0.202,0.239,0.322
23,106,372,326,45,66,11,0,19,38,4,2,41,114,0.202,0.298,0.411
32,131,370,344,30,70,23,1,4,38,2,3,24,77,0.203,0.255,0.311
33,57,176,148,20,30,4,0,5,17,0,0,24,50,0.203,0.318,0.331
31,49,130,123,18,25,7,2,4,13,1,0,6,40,0.203,0.246,0.390
27,62,205,187,19,38,4,1,6,16,0,0,13,44,0.203,0.261,0.332
22,110,404,360,38,73,16,1,8,28,0,1,37,99,0.203,0.285,0.319
23,73,225,201,30,41,3,2,2,9,9,6,24,64,0.204,0.289,0.269
26,58,187,162,17,33,4,0,1,6,1,0,19,32,0.204,0.301,0.247
32,48,151,137,15,28,5,1,1,10,1,0,11,32,0.204,0.278,0.277
24,26,102,98,9,20,4,1,5,14,2,0,4,39,0.204,0.235,0.418
35,118,388,334,52,68,12,0,11,45,2,0,45,105,0.204,0.307,0.338
32,83,320,273,24,56,13,1,2,23,3,1,38,90,0.205,0.313,0.282
23,111,381,331,48,68,16,0,20,45,0,1,44,67,0.205,0.304,0.435
29,128,471,419,42,86,24,0,16,61,2,0,40,136,0.205,0.282,0.377
23,77,206,185,20,38,7,3,6,26,5,2,19,65,0.205,0.286,0.373
38,91,376,322,31,66,18,1,11,41,0,0,44,97,0.205,0.319,0.370
24,96,283,262,28,54,13,0,11,29,1,1,14,75,0.206,0.251,0.382
29,50,149,131,9,27,5,0,3,10,0,0,17,40,0.206,0.302,0.313
22,49,177,160,18,33,6,2,2,13,2,1,10,44,0.206,0.256,0.306
27,47,171,155,17,32,6,3,4,12,7,0,13,48,0.206,0.272,0.361
30,84,296,262,21,54,12,1,4,23,0,0,29,57,0.206,0.292,0.305
23,100,326,299,31,62,13,0,4,19,3,2,19,64,0.207,0.256,0.291
25,32,102,92,8,19,4,0,4,11,1,0,8,35,0.207,0.284,0.380
24,39,125,116,13,24,6,0,5,20,0,0,8,55,0.207,0.264,0.388
31,54,215,188,23,39,7,0,10,24,1,1,23,53,0.207,0.298,0.404
27,55,128,121,17,25,6,1,4,16,2,2,5,29,0.207,0.242,0.372
28,135,472,426,49,88,19,3,13,53,6,1,32,109,0.207,0.275,0.357
27,35,95,82,14,17,1,0,3,4,3,2,7,19,0.207,0.309,0.329
30,72,306,270,32,56,13,0,13,34,0,2,31,90,0.207,0.295,0.400
28,77,251,217,29,45,7,1,8,26,1,0,26,51,0.207,0.305,0.359
30,134,534,469,67,97,28,0,25,66,8,4,53,183,0.207,0.298,0.426
26,69,190,168,19,35,6,0,4,15,0,1,16,59,0.208,0.289,0.315
27,83,216,197,21,41,8,0,3,16,2,3,12,26,0.208,0.254,0.294
25,67,236,212,25,44,10,1,7,27,0,0,23,62,0.208,0.285,0.363
27,54,127,120,17,25,6,1,4,16,2,2,5,28,0.208,0.244,0.375
31,59,220,202,25,42,6,2,3,18,7,0,15,59,0.208,0.260,0.302
32,129,477,411,40,86,19,1,7,45,6,2,56,129,0.209,0.310,0.311
26,32,71,67,7,14,2,0,2,5,1,0,2,25,0.209,0.254,0.328
26,144,550,504,70,106,27,3,19,68,14,3,38,150,0.210,0.265,0.389
32,91,290,271,21,57,19,1,3,29,2,3,17,58,0.210,0.257,0.321
31,97,315,300,38,63,8,0,3,20,2,0,7,65,0.210,0.233,0.267
32,63,232,214,17,45,9,4,1,19,1,0,13,36,0.210,0.263,0.304
27,90,226,199,29,42,7,3,2,15,12,2,21,63,0.211,0.287,0.307
31,52,158,142,14,30,6,0,0,8,1,0,8,13,0.211,0.277,0.254
25,106,278,256,32,54,10,4,5,28,9,6,16,75,0.211,0.264,0.340
27,104,354,317,40,67,18,0,7,35,2,0,29,71,0.211,0.282,0.334
27,94,383,346,49,73,18,0,13,34,11,6,25,104,0.211,0.287,0.376
29,42,128,109,11,23,3,0,5,23,0,0,16,30,0.211,0.305,0.376
27,29,60,57,7,12,2,0,3,7,1,0,3,10,0.211,0.250,0.404
25,119,415,370,46,78,20,1,27,63,1,0,38,122,0.211,0.284,0.489
32,110,452,398,53,84,7,0,31,78,0,0,50,137,0.211,0.297,0.462
24,28,108,95,12,20,5,0,2,8,0,1,11,26,0.211,0.306,0.326
32,62,212,179,31,38,6,0,8,26,2,1,27,37,0.212,0.324,0.380
32,81,241,222,20,47,3,0,7,32,4,2,18,70,0.212,0.270,0.320
27,104,433,397,41,84,18,1,12,51,2,0,32,114,0.212,0.273,0.353
30,80,270,250,27,53,12,1,5,24,3,0,17,68,0.212,0.259,0.328
20,9,35,33,2,7,1,0,1,2,0,0,2,9,0.212,0.257,0.333
34,78,298,254,25,54,9,1,8,23,1,0,37,81,0.213,0.326,0.350
29,54,177,164,17,35,7,3,5,20,2,0,11,49,0.213,0.260,0.384
27,57,167,155,17,33,6,0,1,11,0,2,9,50,0.213,0.265,0.271
27,26,96,89,9,19,2,0,3,6,0,0,6,32,0.213,0.260,0.337
33,86,315,287,39,61,16,1,12,36,0,2,21,101,0.213,0.276,0.401
29,47,115,108,6,23,2,0,1,4,0,1,3,34,0.213,0.248,0.259
26,29,49,47,8,10,2,0,0,2,1,0,1,15,0.213,0.245,0.255
25,25,83,80,5,17,3,0,2,10,0,0,2,35,0.213,0.241,0.325
26,70,280,263,24,56,9,0,9,28,2,0,14,104,0.213,0.254,0.350
26,104,325,301,53,64,13,2,7,24,14,2,20,108,0.213,0.268,0.339
30,5,14,14,1,3,1,0,0,1,0,0,0,5,0.214,0.214,0.286
27,104,265,243,31,52,9,0,5,24,2,3,13,30,0.214,0.252,0.313
29,18,47,42,1,9,5,0,0,5,0,0,3,13,0.214,0.267,0.333
39,78,270,262,19,56,8,0,5,24,2,0,5,40,0.214,0.233,0.302
33,78,285,252,30,54,12,0,7,25,2,0,24,75,0.214,0.295,0.345
27,89,293,271,25,58,4,2,4,26,6,1,20,80,0.214,0.273,0.288
24,98,343,313,38,67,14,3,13,36,1,0,26,92,0.214,0.280,0.403
31,148,558,485,73,104,31,2,17,57,5,1,61,141,0.214,0.305,0.392
25,97,291,261,34,56,6,0,11,25,2,1,26,112,0.215,0.296,0.364
27,117,353,317,40,68,9,2,12,39,3,0,29,118,0.215,0.283,0.369
27,96,293,260,28,56,10,0,4,25,0,1,26,62,0.215,0.301,0.300
29,44,87,79,15,17,3,2,0,7,4,3,7,36,0.215,0.287,0.304
28,118,454,423,41,91,18,2,15,44,2,1,27,138,0.215,0.269,0.374
27,19,45,37,4,8,3,0,0,1,1,0,7,11,0.216,0.356,0.297
32,130,453,384,54,83,9,2,8,40,10,3,62,109,0.216,0.330,0.313
31,41,111,97,13,21,6,1,3,6,0,1,11,38,0.216,0.315,0.392
26,23,60,51,7,11,2,0,2,6,1,0,4,15,0.216,0.276,0.373
35,90,314,268,46,58,9,0,11,38,2,0,40,85,0.216,0.328,0.373
36,52,212,176,17,38,10,0,4,21,0,0,36,28,0.216,0.349,0.341
23,31,120,111,10,24,8,2,2,12,1,1,9,44,0.216,0.275,0.378
28,14,49,46,3,10,3,0,0,9,2,1,2,15,0.217,0.245,0.283
28,124,467,429,49,93,19,2,13,50,0,1,28,109,0.217,0.272,0.361
29,44,137,120,9,26,5,0,3,8,0,0,16,38,0.217,0.314,0.333
32,46,157,138,16,30,6,0,5,22,3,1,18,39,0.217,0.306,0.370
31,62,174,157,16,34,8,0,0,9,1,0,8,17,0.217,0.276,0.268
23,30,94,83,10,18,2,2,1,12,0,0,8,23,0.217,0.287,0.325
23,129,534,460,57,100,21,3,18,62,2,3,66,131,0.217,0.313,0.393
31,60,175,157,15,34,8,0,1,12,0,0,14,28,0.217,0.287,0.287
27,29,81,69,9,15,1,0,2,8,1,0,11,24,0.217,0.321,0.319
35,40,131,124,12,27,4,2,0,8,1,1,5,32,0.218,0.260,0.282
29,40,128,119,13,26,4,0,1,9,3,0,9,21,0.218,0.273,0.277
24,40,153,142,14,31,10,1,6,22,0,0,9,53,0.218,0.261,0.430
29,155,669,577,100,126,21,3,46,94,10,1,86,200,0.218,0.323,0.504
27,67,163,147,22,32,5,0,1,8,8,5,10,33,0.218,0.272,0.272
25,21,70,64,6,14,3,1,1,8,2,0,5,20,0.219,0.286,0.344
27,84,275,242,36,53,17,1,8,29,4,1,28,92,0.219,0.300,0.397
27,153,599,529,67,116,23,0,35,89,2,1,62,121,0.219,0.306,0.461
28,136,547,456,51,100,15,0,14,53,0,0,84,103,0.219,0.344,0.344
25,93,224,205,26,45,8,1,6,29,1,2,12,57,0.220,0.261,0.356
28,73,253,223,26,49,12,0,1,13,1,1,25,47,0.220,0.300,0.287
31,63,186,168,15,37,8,0,1,13,0,0,14,32,0.220,0.286,0.286
26,75,277,245,24,54,9,0,9,33,1,0,28,67,0.220,0.300,0.367
31,94,308,281,16,62,10,0,1,16,0,0,25,74,0.221,0.287,0.267
25,58,223,204,23,45,14,3,3,17,7,1,14,63,0.221,0.283,0.363
27,65,266,235,31,52,10,2,8,25,1,0,27,61,0.221,0.308,0.383
24,52,198,181,24,40,12,2,2,13,3,0,15,66,0.221,0.284,0.343
31,76,206,181,19,40,10,0,3,17,0,0,19,54,0.221,0.301,0.326
27,150,533,494,63,109,25,7,13,50,35,9,27,147,0.221,0.267,0.379
26,118,473,438,43,97,17,2,14,47,2,1,30,157,0.221,0.273,0.365
27,152,596,535,72,118,22,3,0,32,21,1,54,87,0.221,0.291,0.273
31,118,454,402,45,89,25,3,10,43,10,1,44,160,0.221,0.304,0.373
29,98,383,338,43,75,16,1,8,28,1,0,37,101,0.222,0.311,0.346
26,51,141,126,14,28,5,0,3,13,0,0,12,41,0.222,0.291,0.333
36,132,546,478,59,106,28,0,15,62,2,2,54,148,0.222,0.308,0.374
30,93,402,361,48,80,24,0,6,45,0,2,34,71,0.222,0.291,0.338
25,7,18,18,0,4,2,0,0,2,0,0,0,2,0.222,0.222,0.333
23,14,27,27,1,6,1,1,0,2,1,2,0,5,0.222,0.222,0.333
28,8,21,18,0,4,2,0,0,1,0,0,3,7,0.222,0.333,0.333
31,46,166,153,19,34,6,2,2,15,6,0,11,42,0.222,0.271,0.327
28,64,235,215,26,48,10,1,5,29,3,2,17,46,0.223,0.282,0.349
32,114,384,346,25,77,12,0,4,34,0,1,29,83,0.223,0.292,0.292
23,88,285,268,22,60,12,2,8,27,4,2,11,107,0.224,0.264,0.373
32,16,51,49,2,11,1,0,1,2,0,0,1,13,0.224,0.240,0.306
28,92,382,340,61,76,13,3,28,51,6,0,34,116,0.224,0.306,0.526
30,37,91,76,9,17,1,0,0,4,7,1,14,26,0.224,0.344,0.237
30,119,260,245,32,55,13,1,2,17,12,4,11,76,0.224,0.269,0.310
31,98,380,357,31,80,9,0,8,35,4,0,17,109,0.224,0.266,0.317
29,104,255,205,41,46,11,2,6,24,21,8,34,75,0.224,0.368,0.385
32,130,548,465,77,104,21,1,32,75,6,5,58,101,0.224,0.338,0.480
25,132,407,366,42,82,10,2,6,33,15,4,17,104,0.224,0.273,0.311
27,53,166,151,12,34,9,0,0,10,0,0,6,33,0.225,0.261,0.285
26,55,166,151,13,34,2,0,3,15,0,0,12,50,0.225,0.283,0.298
31,82,344,298,38,67,18,0,13,48,1,1,39,110,0.225,0.317,0.416
22,89,313,283,44,64,13,0,14,35,1,0,28,103,0.226,0.300,0.420
25,80,266,234,34,53,8,1,14,32,5,2,23,111,0.226,0.316,0.449
24,93,323,292,34,66,9,2,8,37,8,2,22,117,0.226,0.284,0.353
23,69,232,212,21,48,11,0,5,17,3,1,18,52,0.226,0.286,0.349
31,124,507,470,56,106,19,0,23,56,2,1,31,122,0.226,0.274,0.413
31,135,568,500,55,113,22,0,22,69,1,1,55,179,0.226,0.308,0.402
27,127,450,406,51,92,20,1,16,48,2,0,41,87,0.227,0.298,0.399
32,83,248,229,27,52,7,0,10,31,0,1,12,52,0.227,0.264,0.389
29,115,446,388,54,88,18,1,9,43,3,2,49,66,0.227,0.318,0.348
27,141,480,436,51,99,12,4,0,20,13,3,29,63,0.227,0.281,0.273
26,52,160,150,13,34,6,2,1,15,2,1,7,54,0.227,0.269,0.313
26,39,148,132,22,30,8,0,6,18,1,2,12,37,0.227,0.304,0.424
26,78,190,176,26,40,11,4,2,21,6,1,5,50,0.227,0.275,0.369
31,105,381,351,29,80,18,2,9,51,0,1,25,82,0.228,0.281,0.368
32,63,221,206,28,47,8,0,7,22,6,1,14,61,0.228,0.281,0.369
24,108,347,290,53,66,16,3,14,40,4,1,51,71,0.228,0.340,0.448
27,96,383,334,56,76,11,1,14,58,14,4,38,103,0.228,0.308,0.392
29,75,278,237,29,54,10,1,12,34,0,0,40,67,0.228,0.338,0.430
31,53,224,202,17,46,4,0,9,21,0,0,16,69,0.228,0.295,0.381
24,18,65,57,4,13,3,0,2,10,1,0,6,25,0.228,0.323,0.386
27,27,100,96,9,22,2,0,1,8,4,0,3,22,0.229,0.250,0.281
29,155,621,538,83,123,27,1,27,76,2,2,68,170,0.229,0.324,0.433
26,129,426,401,39,92,16,3,14,49,1,1,19,126,0.229,0.265,0.389
30,151,602,525,72,120,28,1,19,71,0,0,59,103,0.229,0.316,0.394
29,103,388,371,31,85,15,0,9,39,1,0,12,75,0.229,0.255,0.342
29,74,229,201,23,46,11,1,6,30,0,0,22,58,0.229,0.310,0.383
26,31,92,83,8,19,2,0,1,3,3,0,5,28,0.229,0.270,0.289
31,105,334,310,47,71,19,4,11,46,4,2,19,93,0.229,0.282,0.423
32,47,193,166,15,38,10,0,5,24,2,0,23,35,0.229,0.326,0.380
30,75,292,271,23,62,11,0,8,36,0,0,19,58,0.229,0.277,0.358
29,150,555,500,55,115,26,3,25,73,11,2,51,146,0.230,0.305,0.444
25,72,240,217,41,50,6,1,9,24,5,3,18,45,0.230,0.304,0.392
32,17,54,52,7,12,2,0,3,7,0,1,2,15,0.231,0.259,0.442
33,41,126,108,13,25,3,0,4,14,0,0,15,36,0.231,0.325,0.370
35,118,458,407,50,94,15,2,9,52,1,1,39,98,0.231,0.308,0.344
29,28,99,91,8,21,4,0,3,5,0,0,8,26,0.231,0.293,0.374
25,51,180,160,22,37,13,0,5,18,0,0,18,57,0.231,0.306,0.406
27,110,420,373,45,86,13,0,5,25,8,5,30,76,0.231,0.296,0.306
22,113,411,381,45,88,17,1,8,39,4,3,22,74,0.231,0.275,0.344
25,52,181,156,21,36,6,1,9,24,0,1,18,58,0.231,0.331,0.455
21,46,139,125,16,29,5,0,2,11,1,2,4,27,0.232,0.285,0.320
30,115,423,371,42,86,20,2,9,46,5,1,48,98,0.232,0.324,0.369
25,54,123,112,7,26,6,0,0,10,2,0,9,20,0.232,0.293,0.286
23,71,278,253,25,59,8,4,11,27,5,3,22,74,0.233,0.299,0.427
31,113,419,356,36,83,22,0,11,52,0,0,58,123,0.233,0.341,0.388
23,87,361,331,45,77,13,4,17,54,10,4,28,126,0.233,0.294,0.450
30,66,162,150,23,35,3,0,9,18,0,0,8,48,0.233,0.284,0.433
29,31,83,73,9,17,5,0,1,8,0,0,9,17,0.233,0.325,0.342
23,53,185,176,21,41,15,1,6,20,0,0,8,60,0.233,0.270,0.432
33,21,69,60,8,14,2,0,2,8,0,0,9,25,0.233,0.333,0.367
26,102,359,330,46,77,16,3,12,40,1,2,23,83,0.233,0.292,0.409
28,120,405,373,49,87,21,3,17,51,3,2,22,102,0.233,0.286,0.442
26,32,85,77,3,18,5,0,1,7,3,0,6,17,0.234,0.294,0.338
41,124,507,448,50,105,16,0,10,64,4,0,49,119,0.234,0.313,0.337
31,31,82,77,9,18,6,0,2,6,2,1,4,24,0.234,0.272,0.390
34,53,235,214,32,50,12,0,6,24,1,1,14,67,0.234,0.298,0.374
26,48,193,175,19,41,8,2,5,19,0,1,16,53,0.234,0.301,0.389
24,127,466,427,58,100,19,2,10,49,12,4,36,89,0.234,0.295,0.358
32,129,507,464,39,109,19,0,16,51,1,0,28,119,0.235,0.281,0.379
27,36,140,132,13,31,5,1,1,17,4,1,5,27,0.235,0.257,0.311
34,86,293,277,23,65,12,0,8,31,2,0,8,47,0.235,0.260,0.365
30,147,558,497,61,117,24,2,7,46,11,1,45,69,0.235,0.307,0.334
23,113,425,379,55,89,19,4,16,47,10,7,38,137,0.235,0.308,0.433
30,111,379,361,38,85,18,0,12,42,2,0,14,118,0.235,0.263,0.385
28,104,445,375,54,88,16,0,16,56,3,3,64,95,0.235,0.346,0.405
25,101,287,251,27,59,5,2,3,25,6,1,29,87,0.235,0.322,0.307
25,151,592,531,79,125,23,3,27,74,16,6,46,145,0.235,0.302,0.443
25,71,124,115,20,27,4,1,1,3,11,4,9,40,0.235,0.290,0.313
32,113,456,415,37,98,18,0,15,49,1,0,27,106,0.236,0.286,0.388
23,128,488,432,56,102,30,4,8,42,5,2,45,94,0.236,0.316,0.380
30,128,500,462,51,109,26,4,12,41,4,3,34,125,0.236,0.292,0.387
23,58,220,208,25,49,10,1,5,25,4,1,12,54,0.236,0.277,0.365
32,112,328,288,44,68,14,2,8,34,12,1,33,85,0.236,0.316,0.382
34,144,622,554,89,131,23,1,17,63,8,3,56,167,0.236,0.312,0.374
33,140,507,471,34,111,19,2,6,36,9,3,26,61,0.236,0.283,0.323
23,52,228,182,31,43,8,1,6,16,0,0,44,34,0.236,0.388,0.390
30,150,629,543,76,128,24,2,31,87,0,0,73,196,0.236,0.332,0.459
25,79,136,127,21,30,5,1,1,6,11,4,9,44,0.236,0.287,0.315
33,106,386,354,41,84,24,0,8,30,7,4,30,62,0.237,0.301,0.373
27,47,131,114,18,27,3,1,5,13,3,3,15,30,0.237,0.336,0.412
28,52,166,152,8,36,3,0,3,15,0,0,13,37,0.237,0.297,0.316
35,134,580,515,66,122,25,0,17,69,8,6,57,124,0.237,0.316,0.384
25,104,172,156,23,37,10,0,2,11,2,1,11,55,0.237,0.294,0.340
26,63,211,198,24,47,8,3,6,22,0,0,11,46,0.237,0.284,0.399
26,139,617,563,83,134,31,0,31,98,8,3,49,166,0.238,0.298,0.458
29,144,590,555,64,132,27,4,17,67,9,2,26,147,0.238,0.278,0.393
23,122,347,311,30,74,12,1,2,24,4,1,32,77,0.238,0.313,0.302
29,66,207,181,26,43,8,1,4,21,1,1,20,66,0.238,0.324,0.359
29,46,183,168,25,40,9,0,8,28,0,1,9,42,0.238,0.290,0.435
30,156,602,541,61,129,22,4,3,42,11,6,46,73,0.238,0.301,0.311
25,32,109,105,15,25,4,1,2,11,0,1,2,39,0.238,0.257,0.352
26,14,25,21,4,5,0,0,0,2,0,0,3,7,0.238,0.333,0.238
30,62,197,185,23,44,9,1,5,21,6,0,11,42,0.238,0.279,0.378
29,111,467,404,56,96,20,4,7,28,6,2,55,97,0.238,0.338,0.359
34,91,387,340,57,81,11,1,11,39,7,2,42,100,0.238,0.320,0.374
29,94,396,357,53,85,22,0,16,66,13,0,32,122,0.238,0.303,0.434
29,130,461,386,47,92,19,1,18,59,0,0,73,114,0.238,0.360,0.433
28,158,684,587,88,140,30,4,17,88,3,0,70,131,0.239,0.332,0.390
27,21,49,46,10,11,1,0,2,8,0,0,1,4,0.239,0.245,0.391
33,60,195,180,17,43,14,0,2,14,0,0,11,30,0.239,0.282,0.350
31,25,77,67,10,16,5,1,2,4,0,1,8,24,0.239,0.338,0.433
30,143,587,519,56,124,23,1,18,63,0,0,53,135,0.239,0.319,0.391
28,98,313,284,31,68,15,0,3,28,0,0,14,76,0.239,0.276,0.324
28,67,145,134,14,32,6,1,1,16,0,0,8,35,0.239,0.290,0.321
25,119,472,406,54,97,17,1,16,47,1,2,50,99,0.239,0.335,0.404
32,102,404,358,47,86,17,3,4,28,41,5,42,89,0.240,0.324,0.338
33,136,542,495,58,119,26,4,20,69,0,2,40,129,0.240,0.295,0.430
26,72,258,225,33,54,10,5,8,25,7,2,20,40,0.240,0.314,0.436
29,28,59,50,4,12,2,0,0,3,0,0,8,17,0.240,0.345,0.280
24,44,132,121,9,29,4,0,4,10,1,0,11,42,0.240,0.303,0.372
28,137,558,492,68,118,42,2,12,52,5,1,55,101,0.240,0.321,0.407
33,95,420,383,51,92,23,1,6,42,15,3,30,61,0.240,0.290,0.352
28,162,699,616,86,148,44,0,34,103,0,0,75,170,0.240,0.325,0.477
27,152,647,574,78,138,24,0,33,89,0,2,55,122,0.240,0.318,0.455
23,32,109,96,14,23,6,1,5,18,0,0,12,40,0.240,0.324,0.479
30,21,55,54,5,13,0,0,1,4,1,0,1,3,0.241,0.255,0.296
25,112,392,365,47,88,18,2,8,31,9,4,15,82,0.241,0.284,0.367
31,118,371,316,35,76,14,1,7,35,12,7,44,74,0.241,0.331,0.358
26,124,410,377,34,91,19,0,15,53,0,0,27,86,0.241,0.295,0.411
26,56,178,166,35,40,9,0,4,14,8,1,11,60,0.241,0.292,0.367
26,146,548,498,62,120,26,2,17,52,8,4,41,132,0.241,0.301,0.404
,168,600,539,68,130,26,2,17,65,8,3,49,136,0.241,0.310,0.392
38,146,584,545,53,132,40,0,8,53,8,0,30,73,0.242,0.288,0.360
26,93,299,289,32,70,22,0,6,31,0,0,7,65,0.242,0.264,0.381
23,153,664,524,93,127,25,2,27,62,6,2,135,96,0.242,0.401,0.452
31,160,667,583,84,141,25,2,36,94,2,2,69,131,0.242,0.327,0.477
30,113,487,416,65,101,23,2,22,55,4,2,45,103,0.243,0.349,0.466
27,145,603,518,57,126,24,3,6,42,3,2,68,80,0.243,0.339,0.336
31,92,327,305,35,74,13,0,12,38,1,1,18,53,0.243,0.287,0.403
24,52,194,173,16,42,9,1,4,17,3,0,9,46,0.243,0.307,0.376
25,130,472,424,53,103,26,1,6,51,2,0,32,93,0.243,0.301,0.351
29,152,658,575,82,140,36,2,15,58,5,1,73,103,0.243,0.331,0.391
29,73,159,156,13,38,9,2,2,15,0,1,3,25,0.244,0.258,0.365
27,67,234,209,25,51,9,0,9,30,0,0,21,51,0.244,0.316,0.416
25,136,560,505,55,123,24,3,7,41,20,5,48,122,0.244,0.314,0.345
32,14,50,45,6,11,3,0,0,4,0,0,4,9,0.244,0.320,0.311
24,28,94,86,10,21,5,0,2,13,0,0,8,31,0.244,0.309,0.372
36,89,298,266,31,65,13,0,14,42,0,0,27,83,0.244,0.315,0.451
28,27,92,86,12,21,1,0,7,17,0,1,5,36,0.244,0.293,0.500
27,35,115,102,16,25,3,1,5,13,3,3,11,26,0.245,0.330,0.441
24,134,461,424,49,104,18,4,11,52,10,4,28,158,0.245,0.295,0.384
27,119,407,359,47,88,12,2,14,44,4,3,46,106,0.245,0.332,0.407
34,138,527,489,61,120,26,1,14,56,3,1,32,98,0.245,0.292,0.389
28,151,663,593,91,145,24,1,33,83,3,0,58,103,0.245,0.317,0.455
21,90,302,284,33,70,12,2,2,21,7,4,5,50,0.246,0.280,0.324
29,82,274,256,25,63,14,0,7,40,1,0,11,98,0.246,0.285,0.383
31,57,247,224,31,55,8,0,11,34,0,0,20,65,0.246,0.308,0.429
29,156,672,589,81,145,33,2,30,79,2,1,72,169,0.246,0.332,0.462
27,153,597,529,67,130,23,3,20,67,7,3,60,158,0.246,0.327,0.414
31,56,204,187,29,46,12,2,7,33,3,2,13,53,0.246,0.305,0.444
31,93,272,244,31,60,10,1,3,23,5,0,26,78,0.246,0.320,0.332
31,92,272,244,31,60,10,1,3,23,5,0,26,78,0.246,0.320,0.332
23,101,436,342,62,84,17,1,21,46,6,2,91,62,0.246,0.408,0.485
25,117,357,325,41,80,12,2,6,32,7,4,23,70,0.246,0.297,0.351
25,64,269,247,36,61,16,0,8,35,3,5,16,47,0.247,0.294,0.409
23,44,171,154,21,38,8,1,6,19,3,2,15,44,0.247,0.312,0.429
26,46,110,97,14,24,4,1,5,6,0,2,8,34,0.247,0.336,0.464
23,24,86,77,9,19,3,0,0,3,1,0,4,11,0.247,0.314,0.286
27,30,91,81,13,20,3,0,6,20,3,0,9,30,0.247,0.319,0.506
29,115,365,318,46,79,16,1,12,35,1,1,39,122,0.248,0.340,0.418
32,147,617,560,64,139,28,4,1,34,10,4,45,114,0.248,0.311,0.318
34,87,310,278,29,69,19,2,12,41,1,2,27,74,0.248,0.316,0.460
31,161,724,657,101,163,31,5,26,83,25,8,53,120,0.248,0.304,0.429
29,115,353,335,39,83,12,1,11,43,2,1,15,62,0.248,0.283,0.388
28,118,445,403,50,100,17,1,16,51,1,0,30,98,0.248,0.305,0.414
33,149,577,535,66,133,32,0,17,58,18,4,39,92,0.249,0.303,0.404
30,56,182,169,23,42,11,0,4,19,4,1,10,41,0.249,0.298,0.385
25,103,431,386,48,96,16,2,10,41,3,4,31,94,0.249,0.327,0.378
25,59,228,209,19,52,7,0,0,7,3,1,14,27,0.249,0.305,0.282
27,2,4,4,0,1,0,0,0,0,0,0,0,2,0.250,0.250,0.250
27,9,40,36,4,9,3,1,0,9,0,1,2,5,0.250,0.275,0.389
28,86,313,292,38,73,10,3,5,30,17,3,15,62,0.250,0.294,0.356
26,51,183,168,20,42,9,1,8,26,0,0,10,56,0.250,0.302,0.458
23,16,50,48,4,12,1,0,1,5,0,0,1,11,0.250,0.260,0.333
26,4,9,8,1,2,1,0,0,2,0,0,0,3,0.250,0.222,0.375
31,77,247,228,14,57,8,0,2,16,0,0,17,50,0.250,0.308,0.311
23,2,5,4,0,1,0,0,0,0,0,0,1,1,0.250,0.400,0.250
29,1,4,4,0,1,0,0,0,2,0,0,0,0,0.250,0.250,0.250
29,156,657,605,88,151,34,5,27,101,25,6,40,183,0.250,0.300,0.456
26,41,142,136,19,34,8,1,9,16,0,0,5,44,0.250,0.282,0.522
26,145,582,535,66,134,35,2,16,60,2,4,34,114,0.250,0.306,0.413
26,5,12,12,0,3,0,0,0,0,0,0,0,7,0.250,0.250,0.250
24,45,156,144,14,36,7,0,3,21,0,0,5,36,0.250,0.290,0.361
30,3,7,4,2,1,0,0,0,2,0,0,2,0,0.250,0.429,0.250
25,34,85,72,13,18,2,1,5,17,0,0,10,29,0.250,0.341,0.514
27,36,147,128,9,32,6,2,0,11,0,1,16,17,0.250,0.347,0.328
33,139,550,504,70,126,28,1,11,58,16,5,38,85,0.250,0.298,0.375
25,145,609,555,62,139,28,1,22,85,4,1,43,154,0.250,0.305,0.423
27,148,612,537,67,134,37,2,18,66,1,0,56,124,0.250,0.332,0.426
30,2,4,4,0,1,0,0,0,0,0,0,0,1,0.250,0.250,0.250
33,3,9,8,0,2,0,0,0,0,0,0,0,3,0.250,0.250,0.250
31,35,108,104,8,26,3,0,1,10,0,2,4,18,0.250,0.278,0.308
25,8,12,12,1,3,1,0,0,3,0,0,0,4,0.250,0.250,0.333
29,9,16,16,4,4,1,0,0,0,0,0,0,4,0.250,0.250,0.313
26,150,582,517,58,130,29,3,11,59,12,2,51,100,0.251,0.325,0.383
32,110,397,347,40,87,15,0,4,40,2,1,34,60,0.251,0.321,0.329
34,134,490,439,39,110,30,3,12,59,1,3,41,114,0.251,0.316,0.415
23,112,433,394,33,99,22,0,7,36,6,1,30,50,0.251,0.313,0.360
31,134,497,430,65,108,24,4,15,47,17,6,46,88,0.251,0.339,0.430
30,100,333,318,39,80,17,0,11,34,5,1,12,80,0.252,0.283,0.409
24,31,113,103,16,26,4,1,6,10,0,0,6,32,0.252,0.310,0.485
33,68,124,115,19,29,6,0,2,12,2,3,5,31,0.252,0.283,0.357
25,115,355,329,38,83,20,0,13,43,4,0,19,90,0.252,0.294,0.432
30,154,671,575,99,145,25,4,14,57,19,3,88,162,0.252,0.355,0.383
21,93,418,376,46,95,18,4,5,42,1,4,36,120,0.253,0.321,0.362
24,136,558,521,72,132,20,2,22,63,11,2,22,135,0.253,0.289,0.426
24,34,98,91,11,23,4,1,3,11,0,0,5,29,0.253,0.306,0.418
24,76,274,253,27,64,13,0,12,30,0,0,16,61,0.253,0.296,0.447
27,33,131,114,14,29,9,1,2,12,4,1,13,25,0.254,0.331,0.404
39,112,433,397,25,101,10,0,5,43,1,0,28,101,0.254,0.305,0.317
24,60,241,213,39,54,10,4,14,45,12,5,21,66,0.254,0.325,0.535
26,98,350,311,31,79,17,2,4,36,10,2,30,75,0.254,0.323,0.360
29,110,351,323,41,82,17,1,14,44,0,0,24,97,0.254,0.305,0.443
32,114,473,445,48,113,23,1,23,76,0,0,18,109,0.254,0.292,0.465
27,92,336,315,27,80,19,3,3,34,2,2,13,77,0.254,0.289,0.362
24,113,470,398,70,101,35,1,13,42,4,0,65,86,0.254,0.362,0.445
31,124,456,414,49,105,10,3,9,43,4,2,35,109,0.254,0.313,0.357
22,150,632,591,82,150,31,6,20,80,30,7,30,135,0.254,0.294,0.428
30,44,151,149,16,38,6,0,7,15,1,0,2,39,0.255,0.265,0.436
28,69,160,141,15,36,5,0,6,23,2,0,14,48,0.255,0.344,0.418
26,43,107,94,14,24,4,1,5,6,0,2,8,32,0.255,0.346,0.479
31,145,583,526,58,134,25,1,14,78,4,3,33,99,0.255,0.315,0.386
28,61,228,216,20,55,9,1,2,17,1,0,7,16,0.255,0.288,0.333
34,47,180,161,10,41,11,1,0,18,0,1,14,40,0.255,0.317,0.335
30,125,522,474,62,121,23,1,29,72,1,1,39,121,0.255,0.315,0.492
29,55,183,149,18,38,9,0,6,25,0,0,33,47,0.255,0.393,0.436
28,72,264,246,35,63,7,3,5,21,15,2,13,47,0.256,0.303,0.370
28,83,201,176,29,45,9,1,5,23,13,1,18,53,0.256,0.335,0.403
34,119,425,386,50,99,19,2,7,27,2,1,21,71,0.256,0.317,0.370
25,122,498,449,47,115,28,0,20,79,6,1,38,80,0.256,0.319,0.452
31,80,255,219,36,56,14,1,13,41,4,1,32,93,0.256,0.353,0.507
33,15,37,35,7,9,2,0,1,2,1,0,1,12,0.257,0.297,0.400
26,98,216,202,24,52,9,3,0,10,5,6,12,44,0.257,0.298,0.332
32,150,632,575,79,148,28,3,29,102,0,0,43,164,0.257,0.315,0.468
25,140,572,526,73,135,28,1,24,76,10,5,39,129,0.257,0.310,0.451
25,150,609,544,71,140,28,1,30,107,25,4,59,95,0.257,0.330,0.478
21,44,163,159,17,41,7,2,0,10,6,2,1,23,0.258,0.276,0.327
27,156,672,608,89,157,32,4,16,64,34,10,47,126,0.258,0.318,0.403
25,40,103,89,14,23,2,1,1,12,0,1,12,19,0.258,0.340,0.337
29,41,127,116,15,30,8,0,4,12,1,0,6,45,0.259,0.315,0.431
28,155,656,548,93,142,38,0,23,93,1,2,87,77,0.259,0.366,0.454
27,68,247,216,33,56,9,0,12,28,4,1,26,54,0.259,0.344,0.468
30,140,538,506,60,131,21,3,19,73,4,0,24,127,0.259,0.299,0.425
21,34,132,116,12,30,7,1,4,18,1,1,16,34,0.259,0.348,0.440
32,101,371,347,27,90,24,1,3,32,12,3,15,50,0.259,0.297,0.360
31,65,177,162,14,42,7,0,3,21,0,0,10,38,0.259,0.313,0.358
21,32,115,104,13,27,9,2,4,14,2,1,8,31,0.260,0.330,0.500
26,36,105,96,11,25,3,0,3,12,0,0,7,27,0.260,0.305,0.385
26,140,541,488,71,127,22,2,14,62,21,6,33,89,0.260,0.322,0.400
27,72,248,215,34,56,10,0,15,44,1,0,25,44,0.260,0.339,0.516
27,137,578,508,68,132,26,3,24,87,1,0,56,96,0.260,0.343,0.465
31,119,469,414,37,108,33,2,9,50,0,0,40,119,0.261,0.337,0.415
33,12,24,23,4,6,0,0,0,0,0,0,1,6,0.261,0.292,0.261
27,142,531,483,66,126,20,0,4,48,22,4,35,72,0.261,0.314,0.327
33,125,541,467,74,122,18,0,12,46,4,3,67,71,0.261,0.357,0.377
31,77,286,261,29,68,15,0,7,41,2,1,21,86,0.261,0.315,0.398
23,99,341,314,39,82,14,2,5,34,11,5,21,88,0.261,0.309,0.366
22,17,65,61,9,16,0,0,1,2,0,0,4,13,0.262,0.308,0.311
26,59,156,145,15,38,5,1,1,10,3,1,9,21,0.262,0.314,0.331
29,21,47,42,7,11,2,2,0,4,0,2,4,21,0.262,0.340,0.405
27,145,614,542,74,142,19,4,27,62,7,3,56,141,0.262,0.345,0.461
27,111,446,397,54,104,22,2,14,46,9,5,42,110,0.262,0.336,0.433
27,153,645,586,72,154,41,3,20,89,32,12,46,156,0.263,0.327,0.445
30,136,558,524,56,138,27,0,13,62,7,1,29,130,0.263,0.305,0.389
29,49,158,137,20,36,8,0,8,14,0,0,19,56,0.263,0.361,0.496
29,138,568,518,87,136,31,2,28,87,2,3,38,126,0.263,0.320,0.492
26,48,169,156,18,41,10,0,4,11,4,2,12,53,0.263,0.320,0.404
30,63,222,209,19,55,13,1,4,23,3,1,8,23,0.263,0.299,0.392
26,6,22,19,2,5,2,0,0,0,1,0,3,7,0.263,0.364,0.368
35,135,577,530,60,140,22,6,16,78,4,1,32,109,0.264,0.314,0.419
25,44,122,106,16,28,4,3,1,12,11,1,10,30,0.264,0.331,0.387
27,55,171,159,16,42,8,0,2,18,0,0,10,40,0.264,0.316,0.352
25,127,511,489,45,129,22,4,17,52,6,2,17,79,0.264,0.294,0.429
29,125,325,277,49,73,15,2,7,34,12,1,40,89,0.264,0.366,0.408
29,46,121,106,19,28,4,1,5,16,2,0,14,30,0.264,0.350,0.462
25,48,129,117,17,31,6,0,5,19,1,0,9,32,0.265,0.318,0.444
21,15,51,49,3,13,3,0,0,1,0,0,2,7,0.265,0.294,0.327
27,153,630,577,95,153,31,4,13,57,32,3,46,111,0.265,0.324,0.400
28,16,34,34,3,9,1,0,0,3,0,1,0,10,0.265,0.265,0.294
28,128,433,411,47,109,20,3,7,52,8,2,16,81,0.265,0.292,0.380
24,55,181,170,18,45,5,0,1,9,18,3,7,56,0.265,0.302,0.312
28,36,111,98,14,26,6,1,4,12,1,1,10,29,0.265,0.342,0.469
24,119,533,467,71,124,24,0,15,50,29,11,53,126,0.266,0.351,0.413
29,156,647,552,78,147,29,3,17,71,0,1,81,102,0.266,0.362,0.422
33,140,542,462,71,123,24,0,13,61,3,1,48,97,0.266,0.367,0.403
25,137,581,527,72,140,30,3,13,63,0,0,46,101,0.266,0.325,0.408
33,96,297,281,28,75,17,1,6,36,0,0,12,48,0.267,0.300,0.399
27,135,491,449,51,120,25,0,7,51,6,6,36,68,0.267,0.322,0.370
31,10,16,15,2,4,2,0,0,1,0,0,0,4,0.267,0.267,0.400
29,131,535,499,71,133,35,1,25,77,6,3,34,152,0.267,0.316,0.491
28,5,16,15,1,4,0,0,0,0,0,0,1,2,0.267,0.313,0.267
32,133,583,513,89,137,22,4,25,76,14,2,54,100,0.267,0.342,0.472
27,10,32,30,1,8,0,0,0,0,0,0,2,12,0.267,0.313,0.267
33,107,426,396,61,106,25,1,18,60,0,0,19,90,0.268,0.319,0.472
32,104,419,380,38,102,19,0,8,44,0,0,37,64,0.268,0.334,0.382
30,92,401,354,39,95,16,1,10,41,0,0,35,86,0.268,0.347,0.404
24,125,483,444,45,119,25,0,15,66,1,1,28,91,0.268,0.325,0.426
31,74,239,205,35,55,14,1,13,39,4,0,30,86,0.268,0.364,0.537
29,142,639,572,117,154,40,3,35,82,12,2,55,104,0.269,0.340,0.533
34,94,327,305,30,82,16,0,9,41,2,1,19,74,0.269,0.312,0.410
27,89,274,249,25,67,14,1,3,22,1,0,12,56,0.269,0.307,0.369
28,125,510,443,66,119,25,1,9,56,23,3,55,98,0.269,0.349,0.391
28,161,706,630,98,170,25,5,26,107,16,6,59,133,0.270,0.339,0.449
42,109,351,307,42,83,14,0,24,68,1,2,28,55,0.270,0.345,0.550
28,61,205,178,22,48,14,0,2,21,0,0,19,64,0.270,0.347,0.382
27,160,685,597,95,162,27,0,40,131,5,1,67,128,0.271,0.352,0.518
33,43,191,181,25,49,8,0,9,28,11,0,9,30,0.271,0.309,0.464
28,120,443,420,37,114,21,2,7,47,0,1,17,79,0.271,0.300,0.381
27,158,641,573,72,155,42,2,17,72,9,4,58,149,0.271,0.342,0.440
26,35,125,118,15,32,6,0,4,17,1,2,5,31,0.271,0.312,0.424
24,134,555,510,60,138,28,1,17,76,0,0,31,96,0.271,0.321,0.429
26,136,443,405,45,110,28,4,9,50,6,4,19,105,0.272,0.316,0.427
32,90,369,335,32,91,16,0,8,40,0,0,33,55,0.272,0.336,0.391
27,102,335,297,33,81,12,1,2,17,1,0,34,46,0.273,0.351,0.340
27,157,666,586,90,160,30,6,34,95,11,9,72,161,0.273,0.356,0.519
31,3,11,11,0,3,0,0,0,1,0,0,0,4,0.273,0.273,0.273
25,159,693,615,90,168,39,2,38,93,2,0,57,168,0.273,0.349,0.528
29,92,385,350,62,96,22,2,20,59,2,2,29,84,0.274,0.335,0.520
27,140,613,551,65,151,27,1,20,83,0,0,35,94,0.274,0.338,0.436
23,160,706,638,90,175,35,0,32,97,8,3,58,116,0.274,0.339,0.480
27,89,363,336,36,92,18,2,4,47,7,3,24,68,0.274,0.325,0.375
34,139,596,533,76,146,43,1,16,62,0,0,52,145,0.274,0.341,0.448
28,78,309,288,31,79,18,2,2,24,8,2,16,48,0.274,0.316,0.372
29,151,673,580,102,159,30,7,16,64,3,2,71,116,0.274,0.367,0.433
30,134,433,380,57,104,19,3,23,70,3,2,42,100,0.274,0.353,0.521
31,119,426,398,41,109,23,0,9,52,1,4,22,69,0.274,0.315,0.399
22,93,377,360,29,99,23,2,7,45,3,4,11,84,0.275,0.295,0.408
30,14,47,40,3,11,0,0,0,3,1,1,4,9,0.275,0.370,0.275
26,27,84,76,13,21,8,0,4,10,3,1,3,27,0.276,0.309,0.539
24,129,471,421,66,116,20,7,6,42,7,2,47,95,0.276,0.346,0.399
31,139,562,504,75,139,26,5,22,84,21,1,41,119,0.276,0.342,0.478
21,83,344,314,46,87,20,3,6,33,8,0,26,33,0.277,0.328,0.417
27,24,74,65,11,18,3,0,5,16,2,0,9,26,0.277,0.365,0.554
32,98,387,354,45,98,9,0,10,33,13,6,25,58,0.277,0.336,0.387
28,162,696,640,99,177,32,1,25,96,18,7,49,182,0.277,0.329,0.447
24,97,376,334,51,93,14,1,20,45,2,0,39,104,0.278,0.354,0.506
37,128,532,468,61,130,36,0,13,81,3,0,50,89,0.278,0.350,0.438
26,38,99,86,13,24,4,1,5,6,0,2,8,29,0.279,0.374,0.523
25,152,631,586,79,164,24,3,13,72,2,3,31,110,0.280,0.315,0.398
29,157,685,601,90,168,44,5,29,126,20,7,69,82,0.280,0.355,0.514
30,53,196,186,15,52,13,0,3,19,3,1,5,21,0.280,0.308,0.398
26,152,644,593,75,166,39,1,11,74,1,3,42,86,0.280,0.328,0.405
25,126,468,391,64,110,21,1,5,45,2,3,60,70,0.281,0.394,0.379
25,135,517,481,60,135,22,5,10,55,20,2,28,57,0.281,0.327,0.410
33,44,130,121,19,34,5,0,5,16,1,2,8,24,0.281,0.323,0.446
28,135,564,495,73,139,22,2,23,65,5,3,60,120,0.281,0.360,0.473
31,84,318,294,33,83,20,0,8,42,1,2,18,51,0.282,0.327,0.432
24,99,354,321,53,91,16,3,8,43,23,3,23,76,0.283,0.342,0.427
26,153,670,637,86,180,26,9,11,71,18,4,25,111,0.283,0.312,0.403
30,119,499,438,85,124,28,2,40,80,1,0,54,139,0.283,0.369,0.630
24,98,401,380,54,108,18,0,12,56,11,3,17,77,0.284,0.319,0.426
21,132,560,511,84,145,25,3,28,75,25,7,40,145,0.284,0.345,0.509
34,80,304,278,22,79,16,0,4,24,0,0,19,61,0.284,0.339,0.385
23,139,541,470,59,134,19,0,14,63,0,0,63,58,0.285,0.372,0.415
30,144,551,501,61,143,27,3,13,64,1,0,41,96,0.285,0.338,0.429
27,87,300,280,32,80,16,1,6,36,5,1,13,49,0.286,0.322,0.414
31,12,42,42,9,12,1,0,0,3,3,1,0,8,0.286,0.286,0.310
29,5,7,7,1,2,0,0,0,2,1,0,0,4,0.286,0.286,0.286
29,99,426,370,63,106,28,1,18,65,11,4,46,87,0.286,0.364,0.514
22,5,16,14,1,4,0,0,0,2,0,0,2,3,0.286,0.375,0.286
26,53,174,161,24,46,8,0,4,15,2,3,10,36,0.286,0.333,0.410
35,64,277,243,28,70,14,1,5,26,1,1,31,30,0.288,0.370,0.416
24,41,138,132,15,38,9,2,3,15,2,2,6,41,0.288,0.319,0.455
28,31,106,97,22,28,4,1,3,15,1,0,7,23,0.289,0.343,0.443
24,159,697,652,91,189,43,1,24,93,13,8,41,155,0.290,0.333,0.469
27,136,590,522,70,152,24,1,22,64,0,1,61,121,0.291,0.366,0.467
21,41,156,141,24,41,6,0,5,18,5,2,11,34,0.291,0.353,0.440
28,121,493,453,52,132,32,1,5,52,3,4,31,83,0.291,0.343,0.400
32,118,467,439,48,128,30,0,3,47,2,3,17,56,0.292,0.328,0.380
33,118,505,466,76,136,24,5,16,63,18,9,26,97,0.292,0.347,0.468
31,148,620,557,73,163,42,1,30,103,5,3,52,72,0.293,0.358,0.533
25,141,614,555,84,164,42,1,27,88,3,1,50,114,0.295,0.358,0.521
25,84,327,292,40,86,12,0,16,54,0,0,28,72,0.295,0.358,0.500
24,72,298,258,25,76,10,0,10,26,1,0,35,34,0.295,0.383,0.450
30,137,558,473,71,140,33,0,9,57,3,3,78,60,0.296,0.401,0.423
24,91,382,362,39,107,27,0,11,43,1,2,15,75,0.296,0.327,0.461
26,27,97,74,9,22,6,0,3,11,0,0,21,25,0.297,0.454,0.500
23,146,557,491,66,146,26,3,17,69,20,3,34,112,0.297,0.371,0.466
21,114,441,414,75,123,27,3,19,64,20,2,21,107,0.297,0.339,0.514
24,147,638,563,89,168,25,7,6,52,19,5,62,60,0.298,0.373,0.400
29,150,644,578,100,172,37,1,32,102,9,1,63,133,0.298,0.366,0.531
29,160,708,652,101,194,39,4,21,100,27,3,45,131,0.298,0.343,0.466
32,141,604,527,103,158,39,0,28,57,18,1,66,87,0.300,0.387,0.533
26,3,11,10,2,3,1,0,1,1,0,0,0,3,0.300,0.364,0.700
34,8,11,10,1,3,1,0,0,1,0,0,1,4,0.300,0.364,0.400
23,12,41,40,5,12,4,0,2,5,0,0,1,5,0.300,0.317,0.550
27,120,435,403,46,121,24,0,6,58,3,5,19,72,0.300,0.343,0.404
29,79,351,332,50,100,13,0,6,25,13,0,14,55,0.301,0.339,0.395
29,103,437,375,52,113,24,3,14,57,0,1,49,61,0.301,0.384,0.493
28,113,408,372,56,112,21,2,2,34,0,3,26,58,0.301,0.349,0.384
26,157,645,593,74,179,26,3,27,76,2,2,48,147,0.302,0.358,0.492
31,14,42,33,9,10,2,0,1,1,0,0,8,13,0.303,0.439,0.455
35,157,679,601,85,183,40,0,15,75,0,0,62,110,0.304,0.378,0.446
27,126,521,461,54,140,23,3,5,51,8,3,52,77,0.304,0.373,0.399
36,47,154,128,28,39,9,0,15,37,0,0,19,35,0.305,0.412,0.727
34,22,59,59,6,18,1,1,0,2,3,2,0,8,0.305,0.305,0.356
25,135,561,470,95,144,29,2,37,97,1,1,78,106,0.306,0.406,0.613
30,42,181,160,28,49,12,0,5,14,0,0,17,27,0.306,0.376,0.475
22,18,57,49,8,15,3,0,1,2,2,0,6,9,0.306,0.404,0.429
29,150,631,557,84,171,38,0,15,73,8,2,57,118,0.307,0.377,0.456
31,57,177,153,25,47,11,0,6,21,1,1,15,46,0.307,0.384,0.497
25,22,59,52,7,16,0,1,3,11,1,1,5,10,0.308,0.356,0.519
30,157,696,570,133,177,28,0,62,131,16,3,111,175,0.311,0.425,0.686
23,28,68,61,9,19,3,0,2,9,8,0,6,28,0.311,0.373,0.459
26,25,59,54,9,17,7,1,2,13,3,0,1,12,0.315,0.345,0.593
25,144,603,547,88,173,31,1,8,49,4,4,50,43,0.316,0.375,0.420
34,151,651,561,106,178,41,0,35,115,7,0,79,141,0.317,0.404,0.578
22,9,23,22,1,7,1,0,0,2,0,0,1,5,0.318,0.348,0.364
22,25,73,69,10,22,1,0,1,7,0,0,4,8,0.319,0.356,0.377
25,50,183,166,24,53,9,0,6,35,1,0,12,47,0.319,0.372,0.482
27,93,390,347,40,111,14,2,3,39,4,2,39,52,0.320,0.387,0.398
30,56,240,222,33,72,14,0,13,34,1,0,15,52,0.324,0.367,0.563
32,159,708,612,117,199,47,2,21,100,13,3,84,102,0.325,0.407,0.511
30,148,589,533,73,174,39,1,9,62,4,0,40,61,0.326,0.382,0.454
22,10,37,33,5,11,3,0,0,6,3,0,2,6,0.333,0.405,0.424
32,1,3,3,0,1,1,0,0,0,0,0,0,0,0.333,0.333,0.667
27,12,27,24,4,8,1,0,0,2,0,0,3,11,0.333,0.407,0.375
26,1,3,3,0,1,0,0,0,0,0,0,0,1,0.333,0.333,0.333
26,14,28,21,3,7,0,0,1,5,1,0,6,7,0.333,0.500,0.476
27,5,8,6,0,2,0,0,0,0,0,0,2,1,0.333,0.500,0.333
28,2,4,3,0,1,0,0,0,0,0,0,1,2,0.333,0.500,0.333
21,1,4,3,0,1,0,0,0,0,0,0,1,2,0.333,0.500,0.333
27,36,108,98,13,33,5,1,3,12,1,0,6,23,0.337,0.377,0.500
26,16,34,29,7,10,2,1,1,5,0,0,5,6,0.345,0.441,0.586
24,11,45,42,6,15,1,1,1,8,2,1,2,4,0.357,0.400,0.500
25,13,40,35,6,13,0,1,2,9,1,1,4,8,0.371,0.425,0.600
28,3,9,8,1,3,0,0,0,0,0,0,1,0,0.375,0.444,0.375
22,18,59,55,9,22,5,1,1,9,1,1,2,13,0.400,0.414,0.582
25,4,16,13,6,6,2,0,1,3,0,0,2,7,0.462,0.563,0.846
24,2,2,2,1,1,0,0,1,3,0,0,0,0,0.500,0.500,2.000
23,8,10,9,0,6,0,0,0,3,0,1,1,1,0.667,0.700,0.667
27,1,4,4,0,3,2,0,0,3,0,0,0,0,0.750,0.750,1.250